번호,개방서비스명,개방서비스아이디,개방자치단체코드,관리번호,인허가일자,인허가취소일자,영업상태구분코드,영업상태명,상세영업상태코드,상세영업상태명,폐업일자,휴업시작일자,휴업종료일자,재개업일자,소재지전화,소재지면적,소재지우편번호,소재지전체주소,도로명전체주소,도로명우편번호,사업장명,최종수정시점,데이터갱신구분,데이터갱신일자,업태구분명,좌표정보(x),좌표정보(y),문화체육업종명,문화사업자구분명,지역구분명,총층수,주변환경명,제작취급품목내용,보험기관명,건물용도명,지상층수,지하층수,객실수,건축연면적,영문상호명,영문상호주소,선박총톤수,선박척수,선박제원,무대면적,좌석수,기념품종류,회의실별동시수용인원,시설면적,놀이기구수내역,놀이시설수,방송시설유무,발전시설유무,의무실유무,안내소유무,기획여행보험시작일자,기획여행보험종료일자,자본금,보험시작일자,보험종료일자,부대시설내역,시설규모
115,관광식당,07_24_01_P,5070000,CDFI3261042016000001,2016-12-12,,1,영업/정상,13,영업중,,,,,054-821-1056,,,경상북도 안동시 상아동 513-1번지,경상북도 안동시 석주로 203 (상아동),36611,까치구멍집,2016-12-15 13:28,I,2018-08-31 23:59,,357293.1614,343278.6397,관광식당업,,,,,,경북관광협회 지정 제라-13-72호,,,,,,,,,,,,,,,,,,,,,,,,,,,,
116,관광식당,07_24_01_P,4610000,CDFI3261041988000001,1988-09-13,,1,영업/정상,13,영업중,,,,,,,340-924,"충청남도 예산군 덕산면 신평리 163-1번지 163-3, 191-9",,,뉴가야관광호텔,2002-12-23 10:43,I,2018-08-31 23:59,,169769.9666,354736.0226,관광식당업,관광사업,,,,,,,,,,,,,,,,,,,,,,,,,,,,,,,,,
117,관광식당,07_24_01_P,5590000,CDFI3261042010000001,2010-06-14,,1,영업/정상,13,영업중,,,,,859-1302,,482-060,경기도 양주시 덕정동 350-84번지,경기도 양주시 덕정길 4  (덕정동),11450,덕화원,2010-06-21 14:19,I,2018-08-31 23:59,,205435.2776,482382.8463,관광식당업,,주거지역,,주택가주변,,,,,,,,,,,,,,,,,,,,,,,,,,,,,,
118,관광식당,07_24_01_P,3820000,CDFI3261042017000003,2017-08-25,,1,영업/정상,13,영업중,,,,,031-853-7601,,,경기도 의정부시 금오동 474-5번지,"경기도 의정부시 청사로48번길 25, 2,3층 (금오동, 아웃백스테이크하우스금오점)",11757,아웃백스테이크하우스 금오점,2017-08-30 13:55,I,2018-08-31 23:59,,206223.0029,472296.5741,관광식당업,,,,,,,,,,,,,,,,,,,,,,,,,,,,,,,,,,
119,관광식당,07_24_01_P,3820000,CDFI3261042017000001,2017-05-26,,1,영업/정상,13,영업중,,,,,031-826-5550,,,경기도 의정부시 호원동 50-2,"경기도 의정부시 외미로 100, 2층 205호 (호원동, 회룡타운)",11638,메이찬,2022-12-14 10:15,U,2022-12-16 2:40,,204023.1973,469064.9397,관광식당업,,,0,,,,,0,0,0,0,,,0,0,,0,0,,0,0,,0,,,,,,,0,,,,0
120,관광식당,07_24_01_P,3820000,CDFI3261042017000002,2017-07-28,,1,영업/정상,13,영업중,,,,,,,,경기도 의정부시 호원동 119-35번지,경기도 의정부시 호암로 85-8 (호원동),11645,락궁,2017-08-02 9:58,I,2018-08-31 23:59,,204097.0382,467316.7259,관광식당업,,,,,,,,,,,,,,,,,,,,,,,,,,,,,,,,,,
121,관광식당,07_24_01_P,3820000,CDFI3261042004000001,2004-05-14,,1,영업/정상,13,영업중,,,,,846-5742,,480-843,경기도 의정부시 의정부동 201-11번지 (1층),경기도 의정부시 평화로 564 (의정부동),11692,팔가,2011-10-30 14:03,I,2018-08-31 23:59,,204086.8858,471086.0229,관광식당업,관광사업,,,,,,,,,,,,,,,,,,,,,,,,,,,,,,,,,
122,관광식당,07_24_01_P,3820000,CDFI3261042006000001,2006-04-03,,1,영업/정상,13,영업중,,,,,846-2047,,480-843,경기도 의정부시 의정부동 196-14번지,경기도 의정부시 호국로1298번길 78  (의정부동),,지동관,2009-08-03 18:23,I,2018-08-31 23:59,,204184.1939,470833.3358,관광식당업,관광사업,,,,,,,,,,,,,,,,,,,,,,,,,,,,,,,,,
123,관광식당,07_24_01_P,3140000,CDFI3261042004000001,2004-11-11,,1,영업/정상,13,영업중,,,,,,,158-715,서울특별시 양천구 목동 923-1번지 방송회관,,,주)63시티방송회관클럽백리향,2004-12-07 15:41,I,2018-08-31 23:59,,188525.0779,447159.1734,관광식당업,관광사업,,,,,,,,,,,,,,,,,,,,,,,,,,,,,,,,,
124,관광식당,07_24_01_P,3140000,CDFI3261042004000002,2004-11-11,,1,영업/정상,13,영업중,,,,,,,158-050,서울특별시 양천구 목동 923-5번지,서울특별시 양천구 목동동로 233  (목동),7995,(주)63시티방송회관클럽백리향,2005-05-07 12:25,I,2018-08-31 23:59,,188572.1087,447198.9126,관광식당업,관광사업,,,,,,,,,,,,,,,,,,,,,,,,,,,,,,,,,
125,관광식당,07_24_01_P,3140000,CDFI3261042016000001,2016-12-13,,1,영업/정상,13,영업중,,,,,,,,서울특별시 양천구 신월동 427-2번지,서울특별시 양천구 월정로 65 (신월동),7929,미스차이나,2019-01-14 13:57,U,2019-01-16 2:40,,185869.9826,447025.8364,관광식당업,,,,,,,,,,,,,,,,,,,,,,,,,,,,,,,,,,
126,관광식당,07_24_01_P,5590000,CDFI3261042019000001,2019-02-28,,1,영업/정상,13,영업중,,,,,031-867-1007,,,경기도 양주시 은현면 선암리 522-2번지,경기도 양주시 은현면 은현로 7,11427,대륙짬뽕,2019-02-22 16:44,I,2019-02-24 2:21,,201803.5228,485283.2772,관광식당업,,,,,,,,,,,,,,,,,,,,,,,,,,,,,,,,,,
127,관광식당,07_24_01_P,6520000,CDFI3261041997000001,1997-02-11,,1,영업/정상,13,영업중,,,,,738-0500,,697-301,제주특별자치도 서귀포시 상예동 144번지,제주특별자치도 서귀포시 상예로 381  (상예동),,대유식당,2003-03-04 16:08,I,2018-08-31 23:59,,143586.4218,-24099.04944,관광식당업,관광사업,,,,,,,,,,,,,,,,,,,,,,,,,,,,,,,,,
128,관광식당,07_24_01_P,4170000,CDFI3261042003000001,2003-03-25,,1,영업/정상,13,영업중,,,,,,,476-922,경기도 양평군 강하면 전수리 17-3번지,경기도 양평군 강하면 강남로 489,,힐하우스,2003-03-25 14:09,I,2018-08-31 23:59,,238838.6324,444911.1303,관광식당업,관광사업,주거지역,,,,,,,,,,,,,,,,,,,,,,,,,,,,,,,,
129,관광식당,07_24_01_P,4170000,CDFI3261042003000002,2003-03-25,,1,영업/정상,13,영업중,,,,,,,476-922,경기도 양평군 강하면 전수리 17-3번지,경기도 양평군 강하면 강남로 489,,스완레스토랑,2003-03-25 14:10,I,2018-08-31 23:59,,238838.6324,444911.1303,관광식당업,관광사업,주거지역,,,,,,,,,,,,,,,,,,,,,,,,,,,,,,,,
130,관광식당,07_24_01_P,4170000,CDFI3261042003000003,2003-03-25,,1,영업/정상,13,영업중,,,,,,,476-922,경기도 양평군 강하면 전수리 16-3번지,경기도 양평군 강하면 강남로 489,,아미고,2003-03-25 14:11,I,2018-08-31 23:59,,238867.8536,444902.9732,관광식당업,관광사업,주거지역,,,,,,,,,,,,,,,,,,,,,,,,,,,,,,,,
131,관광식당,07_24_01_P,4070000,CDFI3261042001000001,2001-12-06,,1,영업/정상,13,영업중,,,,,637-6334,,467-866,경기도 이천시 부발읍 아미리 726-29번지,,,로마광광나이트,2006-06-08 11:51,I,2018-08-31 23:59,,243394.2977,416797.164,관광식당업,관광사업,,,,,,,,,,,,,,,,,,,,,,,,,,,,,,,,,
132,관광식당,07_24_01_P,4140000,CDFI3261042005000001,2005-07-18,,1,영업/정상,13,영업중,,,,,,,486-904,경기도 연천군 전곡읍 전곡리 305-4번지,경기도 연천군 전곡읍 전곡역로 61,11034,명신반점,2013-12-31 16:39,I,2018-08-31 23:59,,206054.4625,502378.1483,관광식당업,,,,,,,,,,,,,,,,,,,,,,,,,,,,,,,,,,
133,관광식당,07_24_01_P,3070000,CDFI3261042003000001,2003-10-07,,1,영업/정상,13,영업중,,,,,02-953-4652,,136-075,서울특별시 성북구 안암동5가 104-221,서울특별시 성북구 인촌로26길 51 (안암동5가),2856,갑천하,2021-06-17 16:03,U,2021-06-19 2:40,,202599.4411,453516.3786,관광식당업,,,,,,,,,,,,,,,,,,,,,,,,,,,,,,,,,,
134,관광식당,07_24_01_P,3070000,CDFI3261042006000001,2006-12-04,,1,영업/정상,13,영업중,,,,,02-928-3344,,136-034,서울특별시 성북구 동소문동4가 230,서울특별시 성북구 동소문로13가길 16 (동소문동4가),2832,청도,2021-06-17 16:03,U,2021-06-19 2:40,,200994.3611,454403.3505,관광식당업,,,,,,,,,,,,,,,,,,,,,,,,,,,,,,,,,,
135,관광식당,07_24_01_P,3070000,CDFI3261042007000001,2007-03-02,,1,영업/정상,13,영업중,,,,,02-929-7050,,136-075,서울특별시 성북구 안암동5가 86-185번지,서울특별시 성북구 인촌로28길 17  (안암동5가),,미스터왕,2013-01-21 11:00,I,2018-08-31 23:59,,202659.5185,453711.1808,관광식당업,,,,,,,,,,,,,,,,,,,,,,,,,,,,,,,,,,
136,관광식당,07_24_01_P,3070000,CDFI3261042007000002,2007-03-13,,1,영업/정상,13,영업중,,,,,02-923-3888,,136-075,서울특별시 성북구 안암동5가 101-66,서울특별시 성북구 개운사길 21-3 (안암동5가),136-075,화원,2021-06-17 16:05,U,2021-06-19 2:40,,202481.8946,453888.7978,관광식당업,,,,,,,,,,,,,,,,,,,,,,,,,,,,,,,,,,
137,관광식당,07_24_01_P,3070000,CDFI3261042008000001,2008-03-31,,1,영업/정상,13,영업중,,,,,02-923-9577,,136-075,서울특별시 성북구 안암동5가 134-35,서울특별시 성북구 안암로 69-1 (안암동5가),2855,고려성,2021-06-17 16:05,U,2021-06-19 2:40,,202477.8292,453373.5106,관광식당업,,,,,,,,,,,,,,,,,,,,,,,,,,,,,,,,,,
138,관광식당,07_24_01_P,3070000,CDFI3261042008000004,2008-07-15,,1,영업/정상,13,영업중,,,,,02-921-9982,,136-075,서울특별시 성북구 안암동5가 102-59,서울특별시 성북구 인촌로24길 27 (안암동5가),2856,베나레스,2021-06-17 16:05,U,2021-06-19 2:40,,202540.3144,453625.7347,관광식당업,,,,,,,,,,,,,,,,,,,,,,,,,,,,,,,,,,
139,관광식당,07_24_01_P,3070000,CDFI3261041998000001,1998-11-23,,1,영업/정상,13,영업중,,,,,02-762-1448,,136-822,서울특별시 성북구 성북동 산 5-1,서울특별시 성북구 북악산로 637 (성북동),2821,곰의집,2021-06-17 16:04,U,2021-06-19 2:40,,200400.1292,454940.9427,관광식당업,,,,,,,,,,,,,,,,,,,,,,,,,,,,,,,,,,
140,관광식당,07_24_01_P,3020000,CDFI3261042008000003,2008-12-29,,1,영업/정상,13,영업중,,,,,749-3336,,140-863,서울특별시 용산구 이태원동 116-15번지 지상1층,"서울특별시 용산구 이태원로27가길 50  (이태원동,지상1층)",,새골목집,2009-08-07 9:48,I,2018-08-31 23:59,,199268.8253,448094.819,관광식당업,,,,,,,,,,,,,,,,,,,,,,,,,,,,,,,,,,
141,관광식당,07_24_01_P,3020000,CDFI3261042008000005,2008-09-29,,1,영업/정상,13,영업중,,,,,2012-0567,,140-780,서울특별시 용산구 한강로3가 40-999번지 현대아이파크몰 5층 514,,,쿠아타이,2009-08-07 9:57,I,2018-08-31 23:59,,196762.0774,447480.0396,관광식당업,,,,,,,,,,,,,,,,,,,,,,,,,,,,,,,,,,
142,관광식당,07_24_01_P,3020000,CDFI3261042010000001,2010-02-16,,1,영업/정상,13,영업중,,,,,02-3270-7533,,140-170,서울특별시 용산구 동자동 43-205번지 3층 301호,,,티원(T-Won),2010-12-21 19:37,I,2018-08-31 23:59,,197373.8399,450014.5379,관광식당업,,,,,,,,,,,,,,,,,,,,,,,,,,,,,,,,,,
143,관광식당,07_24_01_P,3020000,CDFI3261042009000012,2009-09-28,,1,영업/정상,13,영업중,,,,,749-0446,,140-892,서울특별시 용산구 한남동 683-122번지 지상1층,"서울특별시 용산구 이태원로 232  (한남동,지상1층)",,니시키,2009-10-13 9:11,I,2018-08-31 23:59,,199883.7126,448151.5267,관광식당업,,,,,,,,,,,,Nisiki,,,,,,,,,,,,,,,,,,,,,,
144,관광식당,07_24_01_P,3020000,CDFI3261042009000013,2009-11-04,,1,영업/정상,13,영업중,,,,,,,140-858,서울특별시 용산구 이태원동 127-3번지,서울특별시 용산구 이태원로 190  (이태원동),,판쵸스,2009-11-18 10:42,I,2018-08-31 23:59,,199501.6629,448010.1259,관광식당업,,,,,,,,,,,,,,,,,,,,,,,,,,,,,,,,,,
145,관광식당,07_24_01_P,3020000,CDFI3261042009000014,2009-11-04,,1,영업/정상,13,영업중,,,,,,,140-887,서울특별시 용산구 한남동 653-1번지 지상1층,"서울특별시 용산구 대사관로 52  (한남동,지상1층)",,취룡,2009-11-18 10:45,I,2018-08-31 23:59,,200270.9817,447892.8659,관광식당업,,,,,,,,,,,,chui ryong,,,,,,,,,,,,,,,,,,,,,,
146,관광식당,07_24_01_P,3020000,CDFI3261042009000015,2009-11-04,,1,영업/정상,13,영업중,,,,,,,140-031,서울특별시 용산구 이촌동 300-23번지,서울특별시 용산구 이촌로 248  (이촌동),,르어 이촌점,2009-11-18 10:47,I,2018-08-31 23:59,,197722.571,446344.5912,관광식당업,,,,,,,,,,,,,,,,,,,,,,,,,,,,,,,,,,
147,관광식당,07_24_01_P,3020000,CDFI3261042008000006,2008-09-29,,1,영업/정상,13,영업중,,,,,7020424,,140-851,서울특별시 용산구 원효로4가 137번지,서울특별시 용산구 효창원로 4  (원효로4가),,(주)테크데이타 원효로지점 포이삽사,2009-08-07 9:59,I,2018-08-31 23:59,,195563.789,447943.3447,관광식당업,,,,,,,,,,,,,,,,,,,,,,,,,,,,,,,,,,
148,관광식당,07_24_01_P,3020000,CDFI3261042008000007,2008-09-08,,1,영업/정상,13,영업중,,,,,2012-0696,,140-780,서울특별시 용산구 한강로3가 40-999번지 현대아이몰 6층,,,경풍루,2009-08-07 10:01,I,2018-08-31 23:59,,196762.0774,447480.0396,관광식당업,,,,,,,,,,,,,,,,,,,,,,,,,,,,,,,,,,
149,관광식당,07_24_01_P,3020000,CDFI3261042008000008,2008-07-21,,1,영업/정상,13,영업중,,,,,553-9000,,140-858,서울특별시 용산구 이태원동 124-12번지 지하1층,"서울특별시 용산구 이태원로27나길 36  (이태원동,지하1층)",,빌라소르티노,2009-08-07 10:04,I,2018-08-31 23:59,,199632.9596,448092.468,관광식당업,,,,,,,,,,,,,,,,,,,,,,,,,,,,,,,,,,
150,관광식당,07_24_01_P,3020000,CDFI3261042008000009,2008-07-02,,1,영업/정상,13,영업중,,,,,,,140-864,서울특별시 용산구 이태원동 172-2번지 덕흥빌딩 지하1층,"서울특별시 용산구 이태원로 153  (이태원동,덕흥빌딩 지하1층)",,아그라,2009-08-07 10:08,I,2018-08-31 23:59,,199134.1045,448041.6985,관광식당업,,,,,,,,,,,,,,,,,,,,,,,,,,,,,,,,,,
151,관광식당,07_24_01_P,3020000,CDFI3261042008000010,2008-06-14,,1,영업/정상,13,영업중,,,,,795-6751,,140-884,서울특별시 용산구 한남동 263-10번지,서울특별시 용산구 독서당로 73  (한남동),,웨스턴차이나,2009-08-07 10:54,I,2018-08-31 23:59,,200693.6525,447995.8319,관광식당업,,,,,,,,,,,,,,,,,,,,,,,,,,,,,,,,,,
152,관광식당,07_24_01_P,3020000,CDFI3261042008000012,2008-06-10,,1,영업/정상,13,영업중,,,,,798-9277,,140-858,서울특별시 용산구 이태원동 127-2번지 지상2층,"서울특별시 용산구 이태원로 192  (이태원동,지상2층)",,두바이,2009-08-07 10:58,I,2018-08-31 23:59,,199520.2804,448012.0475,관광식당업,,,,,,,,,,,,,,,,,,,,,,,,,,,,,,,,,,
153,관광식당,07_24_01_P,3020000,CDFI3261042008000013,2008-04-25,,1,영업/정상,13,영업중,,,,,798-1253,,140-884,서울특별시 용산구 한남동 732-151번지,서울특별시 용산구 우사단로10길 45  (한남동),,와즈완,2009-08-07 11:01,I,2018-08-31 23:59,,199761.5165,447856.1861,관광식당업,,,,,,,,,,,,,,,,,,,,,,,,,,,,,,,,,,
154,관광식당,07_24_01_P,3020000,CDFI3261042008000014,2008-03-31,,1,영업/정상,13,영업중,,,,,793-8845,,140-857,서울특별시 용산구 이태원동 228-6번지 지상4층,"서울특별시 용산구 회나무로 57  (이태원동,지상4층)",,마오,2009-08-07 11:03,I,2018-08-31 23:59,,199303.3886,448682.6196,관광식당업,,,,,,,,,,,,,,,,,,,,,,,,,,,,,,,,,,
155,관광식당,07_24_01_P,3020000,CDFI3261042008000015,2008-02-01,,1,영업/정상,13,영업중,,,,,749-9287,,140-863,서울특별시 용산구 이태원동 118-20번지 지상2층,"서울특별시 용산구 이태원로27가길 54  (이태원동,지상2층)",,마이차이나,2009-08-07 11:05,I,2018-08-31 23:59,,199246.9413,448082.3966,관광식당업,,,,,,,,,,,,,,,,,,,,,,,,,,,,,,,,,,
156,관광식당,07_24_01_P,3020000,CDFI3261042009000001,2009-04-23,,1,영업/정상,13,영업중,,,,,749-0903,,140-201,서울특별시 용산구 이태원동 457-1번지 지하1층,"서울특별시 용산구 녹사평대로40길 48  (이태원동,지하1층)",,베를린,2009-08-05 15:46,I,2018-08-31 23:59,,198905.8666,448018.8637,관광식당업,,,,,,,,,,,,,,,,,,,,,,,,,,,,,,,,,,
157,관광식당,07_24_01_P,3020000,CDFI3261041996000001,1996-12-24,,1,영업/정상,13,영업중,,,,,796-5501,,140-899,서울특별시 용산구 후암동 340-5번지,서울특별시 용산구 두텁바위로60길 25  (후암동),,모글인테내셔날(파키스탄),2009-08-24 14:10,I,2018-08-31 23:59,,198418.6003,449786.822,관광식당업,,,,,,,,,,,,,,,,,,,,,,,,,,,,,,,,,,
158,관광식당,07_24_01_P,3020000,CDFI3261041997000001,1997-12-26,,1,영업/정상,13,영업중,,,,,580-8122,,140-861,서울특별시 용산구 이태원동 534번지,서울특별시 용산구 녹사평대로 206  (이태원동),,이탈리아노(이태리식),2009-08-24 14:12,I,2018-08-31 23:59,,198813.1642,448200.2462,관광식당업,,,,,,,,,,,,,,,,,,,,,,,,,,,,,,,,,,
159,관광식당,07_24_01_P,3020000,CDFI3261041999000001,1999-12-24,,1,영업/정상,13,영업중,,,,,796-4100,,140-890,"서울특별시 용산구 한남동 762-162번지 1,2층",,,세종식당(한국전통식),2009-08-24 14:16,I,2018-08-31 23:59,,,,관광식당업,,,,,,,,,,,,,,,,,,,,,,,,,,,,,,,,,,
160,관광식당,07_24_01_P,3020000,CDFI3261042001000001,2001-06-02,,1,영업/정상,13,영업중,,,,,790-2322,,140-884,서울특별시 용산구 한남동 722-16번지,,,남해숫불갈비(한국전통식),2009-08-24 16:43,I,2018-08-31 23:59,,200371.94,448388.684,관광식당업,,,,,,,,,,,,,,,,,,,,,,,,,,,,,,,,,,
161,관광식당,07_24_01_P,3020000,CDFI3261042002000001,2002-08-02,,1,영업/정상,13,영업중,,,,,793-4888,,140-863,서울특별시 용산구 이태원동 116-14번지,서울특별시 용산구 이태원로27가길 52  (이태원동),,파타야,2009-08-18 10:58,I,2018-08-31 23:59,,199250.4279,448098.7581,관광식당업,,,,,,,,,,,,,,,,,,,,,,,,,,,,,,,,,,
162,관광식당,07_24_01_P,3020000,CDFI3261042002000002,2002-06-28,,1,영업/정상,13,영업중,,,,,797-0752,,140-884,서울특별시 용산구 한남동 28-9번지,서울특별시 용산구 독서당로 83  (한남동),,챠크라,2009-08-18 11:00,I,2018-08-31 23:59,,200786.752,448027.7172,관광식당업,,,,,,,,,,,,,,,,,,,,,,,,,,,,,,,,,,
163,관광식당,07_24_01_P,3020000,CDFI3261042002000003,2002-03-26,,1,영업/정상,13,영업중,,,,,3461-1462,,140-893,서울특별시 용산구 한남동 737-24번지 3층,"서울특별시 용산구 이태원로 223  (한남동,3층)",,(주) 타이가든,2009-08-18 11:02,I,2018-08-31 23:59,,199801.9572,448135.576,관광식당업,,,,,,,,,,,,,,,,,,,,,,,,,,,,,,,,,,
164,관광식당,07_24_01_P,3020000,CDFI3261042002000004,2002-03-05,,1,영업/정상,13,영업중,,,,,794-3182,,140-887,서울특별시 용산구 한남동 657-43번지 2층,"서울특별시 용산구 대사관로 45-1  (한남동,2층)",,메르하바,2009-08-18 11:04,I,2018-08-31 23:59,,200218.8182,447935.9845,관광식당업,,,,,,,,,,,,,,,,,,,,,,,,,,,,,,,,,,
165,관광식당,07_24_01_P,3020000,CDFI3261042006000001,2006-12-28,,1,영업/정상,13,영업중,,,,,795-2402,,140-882,서울특별시 용산구 한강로3가 60번지,서울특별시 용산구 한강대로 52-1  (한강로3가),,북경,2009-08-07 16:00,I,2018-08-31 23:59,,196808.0811,447019.9147,관광식당업,,,,,,,,,,,,,,,,,,,,,,,,,,,,,,,,,,
166,관광식당,07_24_01_P,3020000,CDFI3261042006000002,2006-12-07,,1,영업/정상,13,영업중,,,,,796-6457,,140-887,서울특별시 용산구 한남동 631-15번지,서울특별시 용산구 대사관로30길 11-6  (한남동),,현경한남점,2009-08-07 16:02,I,2018-08-31 23:59,,200448.9388,447808.592,관광식당업,,,,,,,,,,,,,,,,,,,,,,,,,,,,,,,,,,
167,관광식당,07_24_01_P,3020000,CDFI3261042007000001,2007-11-06,,1,영업/정상,13,영업중,,,,,790-7754,,140-858,서울특별시 용산구 이태원동 124-9번지,서울특별시 용산구 이태원로 203  (이태원동),,알리바바,2009-08-07 11:07,I,2018-08-31 23:59,,199628.2844,448063.0808,관광식당업,,,,,,,,,,,,,,,,,,,,,,,,,,,,,,,,,,
168,관광식당,07_24_01_P,3020000,CDFI3261042007000002,2007-10-12,,1,영업/정상,13,영업중,,,,,792-0872,,140-853,서울특별시 용산구 이촌동 300-16번지,서울특별시 용산구 이촌로88길 8  (이촌동),,파챠이,2009-08-07 15:45,I,2018-08-31 23:59,,197965.0841,446221.6907,관광식당업,,,,,,,,,,,,,,,,,,,,,,,,,,,,,,,,,,
169,관광식당,07_24_01_P,3020000,CDFI3261042007000003,2007-09-19,,1,영업/정상,13,영업중,,,,,7937784,,140-863,서울특별시 용산구 이태원동 119-7번지,서울특별시 용산구 이태원로 173-7  (이태원동),,사이공그릴,2009-08-07 15:47,I,2018-08-31 23:59,,199331.944,448070.2162,관광식당업,,,,,,,,,,,,,,,,,,,,,,,,,,,,,,,,,,
170,관광식당,07_24_01_P,3020000,CDFI3261042007000004,2007-08-08,,1,영업/정상,13,영업중,,,,,790-0779,,140-886,"서울특별시 용산구 한남동 78-2번지 외1필지 2,3층","서울특별시 용산구 대사관로 77  (한남동,외1필지 2,3층)",,사쿠라,2009-08-07 15:49,I,2018-08-31 23:59,,200527.1005,447898.6532,관광식당업,,,,,,,,,,,,,,,,,,,,,,,,,,,,,,,,,,
171,관광식당,07_24_01_P,3020000,CDFI3261042007000005,2007-06-22,,1,영업/정상,13,영업중,,,,,794-8090,,140-858,서울특별시 용산구 이태원동 123-20번지,,,마이타이,2009-08-07 15:51,I,2018-08-31 23:59,,199458.7147,448064.9321,관광식당업,,,,,,,,,,,,,,,,,,,,,,,,,,,,,,,,,,
172,관광식당,07_24_01_P,3020000,CDFI3261042007000006,2007-06-22,,1,영업/정상,13,영업중,,,,,794-7024,,140-865,서울특별시 용산구 이태원동 130-1번지 2층,"서울특별시 용산구 보광로 125  (이태원동,2층)",,쉐프마일리오스트리아,2009-08-07 15:53,I,2018-08-31 23:59,,199397.0887,447956.4668,관광식당업,,,,,,,,,,,,,,,,,,,,,,,,,,,,,,,,,,
173,관광식당,07_24_01_P,3020000,CDFI3261042007000007,2007-03-15,,1,영업/정상,13,영업중,,,,,749-0316,,140-865,서울특별시 용산구 이태원동 130-2번지,,,타지펠리스,2009-08-07 15:55,I,2018-08-31 23:59,,,,관광식당업,,,,,,,,,,,,,,,,,,,,,,,,,,,,,,,,,,
174,관광식당,07_24_01_P,3020000,CDFI3261042007000008,2007-01-03,,1,영업/정상,13,영업중,,,,,797-0488,,140-893,서울특별시 용산구 한남동 736-11번지 2층,"서울특별시 용산구 이태원로 208  (한남동,2층)",,솔티노,2009-08-07 15:58,I,2018-08-31 23:59,,199675.3838,448030.3646,관광식당업,,,,,,,,,,,,,,,,,,,,,,,,,,,,,,,,,,
175,관광식당,07_24_01_P,3020000,CDFI3261042008000001,2008-07-21,,1,영업/정상,13,영업중,,,,,553-9000,,140-201,서울특별시 용산구 이태원동 118-20번지 1층,"서울특별시 용산구 이태원로27가길 54  (이태원동,1층)",,비냐,2009-08-05 15:39,I,2018-08-31 23:59,,199246.9413,448082.3966,관광식당업,,,,,,,,,,,,Vigna,,,,,,,,,,,,,,,,,,,,,,
176,관광식당,07_24_01_P,3020000,CDFI3261042008000002,2008-08-07,,1,영업/정상,13,영업중,,,,,,,140-201,서울특별시 용산구 이태원동 119-18번지 지상2층,"서울특별시 용산구 이태원로 169  (이태원동,지상2층)",,카레타운,2009-08-05 15:41,I,2018-08-31 23:59,,199281.8917,448046.8259,관광식당업,,,,,,,,,,,,,,,,,,,,,,,,,,,,,,,,,,
177,관광식당,07_24_01_P,3020000,CDFI3261042009000002,2009-07-24,,1,영업/정상,13,영업중,,,,,759-6554,,140-821,서울특별시 용산구 동자동 42-9번지,서울특별시 용산구 한강대로102길 3  (동자동),,만리장성,2009-08-24 14:01,I,2018-08-31 23:59,,197483.4743,449743.6331,관광식당업,,,,,,,,,,,,The Great Wall,,,,,,,,,,,,,,,,,,,,,,
178,관광식당,07_24_01_P,3020000,CDFI3261042009000003,2009-04-13,,1,영업/정상,13,영업중,,,,,795-9711,,140-858,서울특별시 용산구 이태원동 124-6번지 지상1층,"서울특별시 용산구 이태원로27길 6  (이태원동,지상1층)",,한국아미고스(주),2009-08-06 11:43,I,2018-08-31 23:59,,199540.5803,448085.228,관광식당업,,,,,,,,,,,,,,,,,,,,,,,,,,,,,,,,,,
179,관광식당,07_24_01_P,3070000,CDFI3261042009000003,2009-01-07,,1,영업/정상,13,영업중,,,,,02-6084-6527,,136-075,서울특별시 성북구 안암동5가 146-5번지 3층,서울특별시 성북구 인촌로24길 6 (안암동5가),2855,오샬,2013-01-21 11:07,I,2018-08-31 23:59,,202507.6889,453740.3953,관광식당업,,,,,,,,,,,,,,,,,,,,,,,,,,,,,,,,,,
180,관광식당,07_24_01_P,3070000,CDFI3261042010000002,2010-08-23,,1,영업/정상,13,영업중,,,,,02-953-1916,,136-075,서울특별시 성북구 안암동5가 103-39번지 2층,서울특별시 성북구 인촌로26길 42-3 (안암동5가),2856,싸루(SARU)인도&네팔푸드레스토랑,2013-06-04 16:15,I,2018-08-31 23:59,,202557.9567,453549.3332,관광식당업,,,,,,,,,,,,,,,,,,,,,,,,,,,,,,,,,,
181,관광식당,07_24_01_P,3070000,CDFI3261042011000002,2011-02-22,,1,영업/정상,13,영업중,,,,,02-795-7915,,136-822,서울특별시 성북구 성북동 산 5-1,서울특별시 성북구 북악산로 637 (성북동),2821,푸드카페앤그릴,2021-06-17 16:06,U,2021-06-19 2:40,,200400.1292,454940.9427,관광식당업,,,,,,,,,,,,,,,,,,,,,,,,,,,,,,,,,,
182,관광식당,07_24_01_P,3020000,CDFI3261042009000004,2009-03-26,,1,영업/정상,13,영업중,,,,,795-7915,,140-888,서울특별시 용산구 한남동 312-5번지 지상2층,"서울특별시 용산구 유엔빌리지1길 2  (한남동,지상2층)",,고매식,2009-08-06 11:45,I,2018-08-31 23:59,,200806.3726,447855.6358,관광식당업,,,,,,,,,,,,,,,,,,,,,,,,,,,,,,,,,,
183,관광식당,07_24_01_P,3020000,CDFI3261042009000005,2009-03-19,,1,영업/정상,13,영업중,,,,,793-9003,,140-889,서울특별시 용산구 한남동 736-8번지 지상2층,"서울특별시 용산구 이태원로 216  (한남동,지상2층)",,올라마리오,2009-08-06 11:47,I,2018-08-31 23:59,,199766.1582,448048.1458,관광식당업,,,,,,,,,,,,,,,,,,,,,,,,,,,,,,,,,,
184,관광식당,07_24_01_P,3020000,CDFI3261042009000006,2009-01-09,,1,영업/정상,13,영업중,,,,,712-1509,,140-160,"서울특별시 용산구 남영동 89-5번지 지상1,2층","서울특별시 용산구 한강대로76길 5  (남영동,지상1,2층)",,인디아,2010-01-04 17:50,I,2018-08-31 23:59,,197581.2304,448818.3127,관광식당업,,,,,,,,,,,,,,,,,,,,,,,,,,,,,,,,,,
185,관광식당,07_24_01_P,3020000,CDFI3261042009000007,2009-01-07,,1,영업/정상,13,영업중,,,,,749-2827,,140-865,서울특별시 용산구 이태원동 130-3번지 지상2층,"서울특별시 용산구 보광로59길 5  (이태원동,지상2층)",,꼬메돌,2009-08-06 13:32,I,2018-08-31 23:59,,199375.1672,447957.98,관광식당업,,,,,,,,,,,,,,,,,,,,,,,,,,,,,,,,,,
186,관광식당,07_24_01_P,3020000,CDFI3261042009000008,2009-03-19,,1,영업/정상,13,영업중,,,,,715-9441,,140-893,서울특별시 용산구 한남동 736-15번지 지상2층,"서울특별시 용산구 이태원로 220  (한남동,지상2층)",,마러커쉬나이트,2009-08-06 13:48,I,2018-08-31 23:59,,199794.6109,448065.7688,관광식당업,,,,,,,,,,,,,,,,,,,,,,,,,,,,,,,,,,
187,관광식당,07_24_01_P,3020000,CDFI3261042009000009,2009-08-10,,1,영업/정상,13,영업중,,,,,794-8803,,140-858,서울특별시 용산구 이태원동 124-6번지 2층,"서울특별시 용산구 이태원로27길 6  (이태원동,2층)",,가사안토니오,2009-08-26 11:24,I,2018-08-31 23:59,,199540.5803,448085.228,관광식당업,,,,,,,,,,,,cas antonio,,,,,,,,,,,,,,,,,,,,,,
188,관광식당,07_24_01_P,3020000,CDFI3261042009000010,2009-09-14,,1,영업/정상,13,영업중,,,,,792-1448,,140-858,서울특별시 용산구 이태원동 131-36번지 지상1층,"서울특별시 용산구 보광로60길 10  (이태원동,지상1층)",,댈리달발,2009-09-22 15:34,I,2018-08-31 23:59,,199462.5586,447958.069,관광식당업,,,,,,,,,,,,,,,,,,,,,,,,,,,,,,,,,,
189,관광식당,07_24_01_P,3020000,CDFI3261042009000011,2009-09-28,,1,영업/정상,13,영업중,,,,,749-2746,,140-864,서울특별시 용산구 이태원동 176-3번지 지상3층,,,왕타이,2009-10-13 9:09,I,2018-08-31 23:59,,,,관광식당업,,,,,,,,,,,,Wangthai,,,,,,,,,,,,,,,,,,,,,,
190,관광식당,07_24_01_P,3820000,CDFI3261042019000001,2019-01-28,,1,영업/정상,13,영업중,,,,,031-877-8289,,,경기도 의정부시 장암동 135-41번지,"경기도 의정부시 장곡로 48, 2층 (장암동)",11723,파파스 차이나,2019-05-23 16:06,U,2019-05-25 2:40,,204530.1081,467376.557,관광식당업,,,,,,2019. 5. 16. 소재지 변경,,,,,,,,,,,,,,,,,,,,,,,,,,,,
191,관광식당,07_24_01_P,4191000,CDFI3261041998000001,1998-06-26,,1,영업/정상,13,영업중,,,,,033)730-3500,,220-821,강원특별자치도 원주시 지정면 월송리 산 2-2,강원특별자치도 원주시 지정면 신평석화로 236,26358,오크밸리클럽하우스,2011-12-16 10:00,I,2023-06-13 0:00,,,,관광식당업,관광사업,,0,,,,,0,0,0,0,,,0,0,,0,0,,0,429.5,,0,,,,,,,0,,,,430
192,관광식당,07_24_01_P,4191000,CDFI3261042002000001,2002-10-25,,1,영업/정상,13,영업중,,,,,033)742-9604,,220-955,강원특별자치도 원주시 우산동 231-11,강원특별자치도 원주시 우산초교길 19-8 (우산동),26343,래래반점,2011-12-16 10:10,I,2023-06-13 0:00,,283062.7961,429825.3106,관광식당업,관광사업,,0,,,,,0,0,0,0,,,0,0,,0,0,,0,330,,0,,,,,,,0,,,,330
193,관광식당,07_24_01_P,4191000,CDFI3261042005000001,2005-06-27,,1,영업/정상,13,영업중,,,,,033-742-2350,,220-904,강원특별자치도 원주시 중앙동 120,강원특별자치도 원주시 중앙로 85 (중앙동),26428,중앙동 래래반점,2011-12-16 11:46,I,2023-06-13 0:00,,284219.5753,427821.9221,관광식당업,관광사업,,0,,,,,0,0,0,0,,,0,0,,0,0,,0,0,,0,,,,,,,0,,,,0
194,관광식당,07_24_01_P,4191000,CDFI3261042006000001,2006-04-04,,1,영업/정상,13,영업중,,,,,033-766-6941,,220-944,강원특별자치도 원주시 단구동 1511-2 651 스타빌딩 2층,강원특별자치도 원주시 서원대로 396 (단구동),26484,아웃백스테이크하우스,2011-12-16 11:19,I,2023-06-13 0:00,,284012.1979,425846.2563,관광식당업,관광사업,,0,,,,,0,0,0,0,,,0,0,,0,0,,0,0,,0,,,,,,,0,,,,0
195,관광식당,07_24_01_P,4191000,CDFI3261042008000001,2008-10-23,,1,영업/정상,13,영업중,,,,,033-742-3163,,220-963,강원특별자치도 원주시 학성동 207-18,강원특별자치도 원주시 원일로 148-7 (학성동),26415,연강춘,2013-12-17 12:42,I,2023-06-13 0:00,,283887.6055,428216.3552,관광식당업,관광사업,,0,,,,,0,0,0,0,,,0,0,,0,0,,0,0,,0,,,,,,,0,,,,0
196,관광식당,07_24_01_P,4191000,CDFI3261042008000002,2008-09-24,,1,영업/정상,13,영업중,,,,,033-744-2114,,220-938,강원특별자치도 원주시 단계동 858-2,강원특별자치도 원주시 천사로 34 (단계동),26436,샹하이문,2011-12-16 11:26,I,2023-06-13 0:00,,282294.6416,427702.5032,관광식당업,관광사업,,0,,,,,0,0,0,0,,,0,0,,0,0,,0,0,,0,,,,,,,0,,,,0
197,관광식당,07_24_01_P,4191000,CDFI3261042009000001,2009-06-10,,1,영업/정상,13,영업중,,,,,033-742-5188,,220-963,강원특별자치도 원주시 학성동 206-8,강원특별자치도 원주시 중앙로 171 (학성동),26415,산동원,2014-01-27 17:34,I,2023-06-13 0:00,,283939.4048,428242.6232,관광식당업,,,0,,,,,0,0,0,0,,,0,0,,0,0,,0,0,,0,,,,,,,0,,,,0
198,관광식당,07_24_01_P,4191000,CDFI3261042009000002,2009-09-08,,1,영업/정상,13,영업중,,,,,747-8882,,,강원특별자치도 원주시 행구동 1537-6,강원특별자치도 원주시 행구로 259 (행구동),26454,봉선루,2015-09-24 10:31,I,2023-06-13 0:00,,287183.4513,427277.6933,관광식당업,,,0,,,,,0,0,0,0,,,0,0,,0,0,,0,0,,0,,,,,,,0,,,,0
199,관광식당,07_24_01_P,4191000,CDFI3261042010000001,2010-10-20,,1,영업/정상,13,영업중,,,,,033-765-1267,,220-913,강원특별자치도 원주시 판부면 금대리 1284-1,강원특별자치도 원주시 판부면 치악로 1000,26504,장금성,2014-01-28 15:02,I,2023-06-13 0:00,,288597.389,420640.3745,관광식당업,,관리지역,0,기타,,,근린생활시설,1,0,0,0,,,0,0,,0,0,,0,352.06,,0,,,,,,,0,,,,352
200,관광식당,07_24_01_P,4191000,CDFI3261042010000002,2010-10-20,,1,영업/정상,13,영업중,,,,,033-730-3621,,220-821,강원특별자치도 원주시 지정면 월송리 1061-21,강원특별자치도 원주시 지정면 오크밸리1길 68,26357,한솔오크밸리사우스콘도중식당,2014-01-28 16:32,I,2023-06-13 0:00,,272363.3934,437039.6875,관광식당업,,관리지역,0,기타,,,숙박시설,1,0,0,0,,,0,0,,0,0,,0,338.1,,0,,,,,,,0,,,,338
201,관광식당,07_24_01_P,4191000,CDFI3261042011000001,2011-02-01,,1,영업/정상,13,영업중,,,,,033-734-8800,,220-957,강원특별자치도 원주시 일산동 209-1,강원특별자치도 원주시 천사로 205-3 (일산동),26417,타이하우스,2013-12-16 20:49,I,2023-06-13 0:00,,283778.9471,428119.6791,관광식당업,,,0,,,,,0,0,0,0,,,0,0,,0,0,,0,0,,0,,,,,,,0,,,,0
202,관광식당,07_24_01_P,4191000,CDFI3261042011000002,2011-05-16,,1,영업/정상,13,영업중,,,,,033-762-2888,,220-934,강원특별자치도 원주시 관설동 1675-6,강원특별자치도 원주시 단관길 129 (관설동),26471,상하이손짜장,2014-01-28 16:34,I,2023-06-13 0:00,,285037.5118,424675.5853,관광식당업,,,0,,,,,0,0,0,0,,,0,0,,0,0,,0,0,,0,,,,,,,0,,,,0
203,관광식당,07_24_01_P,4191000,CDFI3261042011000003,2011-12-26,,1,영업/정상,13,영업중,,,,,033-735-7552,,220-801,강원특별자치도 원주시 문막읍 건등리 1626-5,강원특별자치도 원주시 문막읍 왕건로 41-3,26368,짬뽕대장,2014-01-28 16:31,I,2023-06-13 0:00,,273385.8534,424848.1148,관광식당업,,,0,,,,,0,0,0,0,,,0,0,,0,0,,0,0,,0,,,,,,,0,,,,0
204,관광식당,07_24_01_P,4191000,CDFI3261042012000001,2012-08-17,,1,영업/정상,13,영업중,,,,,904-0790,,220-050,강원특별자치도 원주시 일산동 52-16,강원특별자치도 원주시 무실로12번길 10 (일산동),26427,아차해,2013-01-14 16:06,I,2023-06-13 0:00,,283980.0408,427875.0507,관광식당업,,,0,,,,,0,0,0,0,,,0,0,,0,0,,0,0,,0,,,,,,,0,,,,0
205,관광식당,07_24_01_P,4191000,CDFI3261042017000001,2017-03-20,,1,영업/정상,13,영업중,,,,,033-747-4714,,,강원특별자치도 원주시 지정면 간현리 1056-14,강원특별자치도 원주시 지정면 소금산길 14 (우리소영농조합),26359,우리소,2017-04-12 11:28,I,2023-06-13 0:00,,273772.1772,429504.7111,관광식당업,,,0,,,,,0,0,0,0,,,0,0,,0,0,,0,0,,0,,,,,,,0,,,,0
206,관광식당,07_24_01_P,3630000,CDFI3261041996000001,1996-07-02,,1,영업/정상,13,영업중,,,,,062-954-1005,,506-813,광주광역시 광산구 우산동 1574-8,광주광역시 광산구 무진대로211번길 21-5 (우산동),,(주)푸드베네치아하남점,2020-08-24 14:52,U,2020-08-26 2:40,,182022.3722,184908.8141,관광식당업,관광사업,,,,,,,,,,,,,,,,,,,,110,,,,,,,,,,,,,110
207,관광식당,07_24_01_P,3660000,CDFI3261042005000003,2005-12-23,,1,영업/정상,13,영업중,,,,,482-6267,,302-852,대전광역시 서구 월평동 741번지 금강빌라 301호,"대전광역시 서구 월평로90번길 5,  301호 (월평동,금강빌라)",,동천홍,2008-12-05 16:38,I,2018-08-31 23:59,,232903.7475,317238.8859,관광식당업,관광사업,,,,,,,,,,,,,,,,,,,,,,,,,,,,,300000000,,,,
208,관광식당,07_24_01_P,3660000,CDFI3261042005000004,2005-12-27,,1,영업/정상,13,영업중,,,,,526-9295,,302-809,대전광역시 서구 갈마동 343-42번지 1층,"대전광역시 서구 갈마중로7번길 10-3  (갈마동,1층)",,청해루,2008-12-05 16:40,I,2018-08-31 23:59,,233171.9067,316423.6998,관광식당업,관광사업,,,,,,,,,,,,,,,,,,,,,,,,,,,,,140000000,,,,
209,관광식당,07_24_01_P,3660000,CDFI3261042006000001,2006-04-11,,1,영업/정상,13,영업중,,,,,489-2060,,302-828,대전광역시 서구 둔산동 1009번지 우정빌딩 2층,"대전광역시 서구 둔산로31번길 32  (둔산동,우정빌딩 2층)",,만다린,2008-12-05 16:41,I,2018-08-31 23:59,,233839.7675,316984.3354,관광식당업,관광사업,,,,,,,,,,,,,,,,,,,,,,,,,,,,,300000000,,,,
210,관광식당,07_24_01_P,3660000,CDFI3261042006000002,2006-05-24,,1,영업/정상,13,영업중,,,,,485-1796.7,,302-834,"대전광역시 서구 만년동 322번지 1,2층","대전광역시 서구 만년로67번길 18-13  (만년동,1,2층)",,천년의 정원,2008-12-05 16:43,I,2018-08-31 23:59,,234124.2813,318680.065,관광식당업,관광사업,,,,,,,,,,,,,,,,,,,,,,,,,,,,,700000000,,,,
211,관광식당,07_24_01_P,3660000,CDFI3261042006000003,2006-09-11,,1,영업/정상,13,영업중,,,,,486-3888,,302-859,대전광역시 서구 탄방동 732번지 3층,"대전광역시 서구 문예로 15  (탄방동,3층)",,동방명주,2008-12-05 16:44,I,2018-08-31 23:59,,234922.6204,316428.8598,관광식당업,관광사업,,,,,,,,,,,,,,,,,,,,,,,,,,,,,400000000,,,,
212,관광식당,07_24_01_P,3660000,CDFI3261042006000004,2006-10-11,,1,영업/정상,13,영업중,,,,,488-3150,,302-869,대전광역시 서구 둔산동 1188번지,대전광역시 서구 둔산남로9번길 79  (둔산동),,천안문,2008-12-05 16:46,I,2018-08-31 23:59,,234059.745,316722.395,관광식당업,관광사업,,,,,,,,,,,,,,,,,,,,,,,,,,,,,500000000,,,,
213,관광식당,07_24_01_P,3660000,CDFI3261042006000005,2006-10-14,,1,영업/정상,13,영업중,,,,,471-3201,,302-830,대전광역시 서구 둔산동 1270번지,대전광역시 서구 둔산로 71  (둔산동),,오후청,2008-12-05 16:47,I,2018-08-31 23:59,,234197.2782,316816.4078,관광식당업,관광사업,,,,,,,,,,,,,,,,,,,,,,,,,,,,,600000000,,,,
214,관광식당,07_24_01_P,3660000,CDFI3261042006000006,2006-11-17,,1,영업/정상,13,영업중,,,,,486-6613,,302-834,대전광역시 서구 만년동 376번지,대전광역시 서구 둔산대로117번길 18  (만년동),,차이나공,2008-12-05 16:48,I,2018-08-31 23:59,,234261.1638,318387.418,관광식당업,관광사업,,,,,,,,,,,,,,,,,,,,,,,,,,,,,1000000000,,,,
215,관광식당,07_24_01_P,3660000,CDFI3261042002000006,2002-03-21,,1,영업/정상,13,영업중,,,,,488-8511,,302-852,대전광역시 서구 월평동 1498번지,대전광역시 서구 계룡로 199  (월평동),,영일만회천국,2008-12-05 16:21,I,2018-08-31 23:59,,231526.2753,316798.8219,관광식당업,관광사업,,,,,,,,,,,,,,,,,,,,,,,,,,,,,600000000,,,,
216,관광식당,07_24_01_P,3660000,CDFI3261042002000007,2002-05-08,,1,영업/정상,13,영업중,,,,,487-9200,,302-831,대전광역시 서구 둔산동 1396번지 명진빌딩 10층,대전광역시 서구 둔산중로78번길 20 (둔산동),35240,젠클럽레스토랑,2014-01-02 8:10,I,2018-08-31 23:59,,234750.3076,317009.6799,관광식당업,관광사업,,,,,,,,,,,,,,,,,,,,,,,,,,,,,600000000,,,,
217,관광식당,07_24_01_P,3660000,CDFI3261042002000008,2002-05-31,,1,영업/정상,13,영업중,,,,,582-7373,,302-854,대전광역시 서구 정림동 8-42번지,대전광역시 서구 혜천로 50 (정림동),35395,폴라리스,2014-01-02 8:15,I,2018-08-31 23:59,,233207.9368,311628.0362,관광식당업,관광사업,,,,,,,,,,,,,,,,,,,,,,,,,,,,,300000000,,,,
218,관광식당,07_24_01_P,3660000,CDFI3261042002000009,2002-09-11,,1,영업/정상,13,영업중,,,,,480-9000,,302-869,대전광역시 서구 둔산동 1143번지,대전광역시 서구 문정로 7  (둔산동),,오케이테마타운,2008-12-05 16:25,I,2018-08-31 23:59,,234097.2202,316137.3976,관광식당업,관광사업,,,,,,,,,,,,,,,,,,,,,,,,,,,,,2200000000,,,,
219,관광식당,07_24_01_P,3660000,CDFI3261042003000001,2003-04-07,,1,영업/정상,13,영업중,,,,,527-6171,,302-809,대전광역시 서구 갈마동 1435번지 2층,"대전광역시 서구 대덕대로 164  (갈마동,2층)",,아웃백스테이크하우스,2008-12-05 16:27,I,2018-08-31 23:59,,233739.4268,316381.8224,관광식당업,관광사업,,,,,,,,,,,,,,,,,,,,,,,,,,,,,1922700000,,,,
220,관광식당,07_24_01_P,3660000,CDFI3261042007000001,2007-04-19,,1,영업/정상,13,영업중,,,,,841-7464,,302-869,대전광역시 서구 둔산동 1231번지,대전광역시 서구 계룡로491번길 54  (둔산동),,천객가,2008-12-05 16:49,I,2018-08-31 23:59,,234232.3361,316312.8218,관광식당업,관광사업,,,,,,,,,,,,,,,,,,,,,,,,,,,,,300000000,,,,
221,관광식당,07_24_01_P,3660000,CDFI3261042007000003,2007-09-11,,1,영업/정상,13,영업중,,,,,482-7875,,302-834,대전광역시 서구 만년동 380번지 5층,"대전광역시 서구 둔산대로117번길 34  (만년동,5층)",,삼국지,2008-12-05 16:55,I,2018-08-31 23:59,,234261.165,318469.735,관광식당업,관광사업,,,,,,,,,,,,,,,,,,,,,,,,,,,,,300000000,,,,
222,관광식당,07_24_01_P,3660000,CDFI3261042003000002,2003-05-29,,1,영업/정상,13,영업중,,,,,472-8111,,302-847,대전광역시 서구 월평동 265번지 한독빌딩 지하1층,"대전광역시 서구 청사서로 46  (월평동,한독빌딩 지하1층)",,바이젠하우스,2008-12-05 16:28,I,2018-08-31 23:59,,233760.9133,317974.6375,관광식당업,관광사업,,,,,,,,,,,,,,,,,,,,,,,,,,,,,1000000000,,,,
223,관광식당,07_24_01_P,3660000,CDFI3261042003000003,2003-06-14,,1,영업/정상,13,영업중,,,,,487-8004,,302-834,대전광역시 서구 만년동 324번지 대가빌딩 6층,"대전광역시 서구 만년로67번길 22  (만년동,대가빌딩 6층)",,블루문,2008-12-05 16:30,I,2018-08-31 23:59,,234076.6053,318681.7762,관광식당업,관광사업,,,,,,,,,,,,,,,,,,,,,,,,,,,,,400000000,,,,
224,관광식당,07_24_01_P,3660000,CDFI3261042003000004,2003-09-15,,1,영업/정상,13,영업중,,,,,488-7776,,302-834,대전광역시 서구 만년동 363번지 1층,"대전광역시 서구 만년로68번길 31  (만년동,1층)",,친친 이탈리아노,2008-12-05 16:31,I,2018-08-31 23:59,,234076.6936,318393.1598,관광식당업,관광사업,,,,,,,,,,,,,,,,,,,,,,,,,,,,,300000000,,,,
225,관광식당,07_24_01_P,3660000,CDFI3261042003000005,2003-11-24,,1,영업/정상,13,영업중,,,,,483-2488,,302-831,대전광역시 서구 둔산동 1439번지,대전광역시 서구 둔산중로40번길 20  (둔산동),,샤바바,2008-12-05 16:32,I,2018-08-31 23:59,,234753.0254,316643.2668,관광식당업,관광사업,,,,,,,,,,,,,,,,,,,,,,,,,,,,,1000000000,,,,
226,관광식당,07_24_01_P,3660000,CDFI3261042004000001,2004-02-10,,1,영업/정상,13,영업중,,,,,485-8848,,302-859,대전광역시 서구 탄방동 684번지,대전광역시 서구 계룡로571번길 20  (탄방동),,그랑삐아또,2008-12-05 15:53,I,2018-08-31 23:59,,234737.7804,315883.0761,관광식당업,관광사업,,,,,,,,,,,,,,,,,,,,,,,,,,,,,600000000,,,,
227,관광식당,07_24_01_P,3660000,CDFI3261042004000002,2004-12-21,,1,영업/정상,13,영업중,,,,,489-2941.4,,302-828,대전광역시 서구 둔산동 1026번지 정석빌딩 3층,"대전광역시 서구 대덕대로 243  (둔산동,정석빌딩 3층)",,데.바수스,2008-12-05 16:34,I,2018-08-31 23:59,,233940.6592,317146.8342,관광식당업,관광사업,,,,,,,,,,,,,,,,,,,,,,,,,,,,,300000000,,,,
228,관광식당,07_24_01_P,3660000,CDFI3261042005000001,2005-10-19,,1,영업/정상,13,영업중,,,,,487-7311,,302-834,대전광역시 서구 만년동 346번지,대전광역시 서구 만년로68번길 15-23  (만년동),,대명가옥 만나,2008-12-05 16:35,I,2018-08-31 23:59,,234185.1594,318503.5424,관광식당업,관광사업,,,,,,,,,,,,,,,,,,,,,,,,,,,,,50000000,,,,
229,관광식당,07_24_01_P,3660000,CDFI3261042005000002,2005-11-22,,1,영업/정상,13,영업중,,,,,488-6100,,302-829,대전광역시 서구 둔산동 1047번지,대전광역시 서구 대덕대로 187  (둔산동),,베니건스,2008-12-05 16:36,I,2018-08-31 23:59,,233778.5472,316645.8977,관광식당업,관광사업,,,,,,,,,,,,,,,,,,,,,,,,,,,,,6846270000,,,,
230,관광식당,07_24_01_P,3660000,CDFI3261042008000001,2008-01-17,,1,영업/정상,13,영업중,,,,,472-4572,,302-829,대전광역시 서구 둔산동 1064번지,대전광역시 서구 대덕대로185번길 30  (둔산동),,샤오차이나(둔산점),2008-12-05 16:57,I,2018-08-31 23:59,,233681.3888,316700.6202,관광식당업,관광사업,,,,,,,,,,,,,,,,,,,,,,,,,,,,,400000000,,,,
231,관광식당,07_24_01_P,3660000,CDFI3261042008000002,2008-09-26,,1,영업/정상,13,영업중,,,,,,,302-830,대전광역시 서구 둔산동 1369번지 넥서스밸리 B동 102호,"대전광역시 서구 대덕대로 246  (둔산동,넥서스밸리 B동 102호)",,인디,2008-12-05 16:58,I,2018-08-31 23:59,,234035,317167.305,관광식당업,관광사업,,,,,,,,,,,,,,,,,,,,,,,,,,,,,,,,,
232,관광식당,07_24_01_P,3660000,CDFI3261042008000003,2008-11-10,,1,영업/정상,13,영업중,,,,,488-3933,,302-831,대전광역시 서구 둔산동 1437번지 목련빌딩 4층,"대전광역시 서구 둔산남로91번길 16  (둔산동,목련빌딩 4층)",,서태후,2008-12-05 16:59,I,2018-08-31 23:59,,234747.9294,316604.3487,관광식당업,관광사업,,,,,,,,,,,,,,,,,,,,,,,,,,,,,,,,,
233,관광식당,07_24_01_P,3660000,CDFI3261041998000001,1998-11-09,,1,영업/정상,13,영업중,,,,,472-2022,,302-828,대전광역시 서구 둔산동 929번지,대전광역시 서구 한밭대로 809  (둔산동),,사학스카이라운지,2008-12-05 15:56,I,2018-08-31 23:59,,234835.1896,317566.2647,관광식당업,관광사업,,,,,,,,,,,,,,,,,,,,,,,,,,,,,800000000,,,,
234,관광식당,07_24_01_P,3660000,CDFI3261042000000001,2000-12-28,,1,영업/정상,13,영업중,,,,,477-3388,,302-869,대전광역시 서구 둔산동 1176번지,대전광역시 서구 둔산로 72  (둔산동),,미스터왕,2008-12-05 15:57,I,2018-08-31 23:59,,234203.3167,316758.8528,관광식당업,관광사업,,,,,,,,,,,,,,,,,,,,,,,,,,,,,500000000,,,,
235,관광식당,07_24_01_P,3660000,CDFI3261042001000001,2001-11-19,,1,영업/정상,13,영업중,,,,,472-8211,,302-831,대전광역시 서구 둔산동 1496번지 MB빌딩 9층,"대전광역시 서구 문예로 33  (둔산동,MB빌딩 9층)",,케니지레스토랑,2008-12-05 15:59,I,2018-08-31 23:59,,234922.7549,316607.8523,관광식당업,관광사업,,,,,,,,,,,,,,,,,,,,,,,,,,,,,200000000,,,,
236,관광식당,07_24_01_P,3660000,CDFI3261042001000002,2001-11-23,,1,영업/정상,13,영업중,,,,,476-7755,,302-834,대전광역시 서구 만년동 323번지,대전광역시 서구 만년로67번길 18-9  (만년동),,시애틀,2008-12-05 16:00,I,2018-08-31 23:59,,234100.185,318681.6,관광식당업,관광사업,,,,,,,,,,,,,,,,,,,,,,,,,,,,,300000000,,,,
237,관광식당,07_24_01_P,3660000,CDFI3261042001000003,2001-12-26,,1,영업/정상,13,영업중,,,,,488-8836,,302-869,대전광역시 서구 둔산동 1242번지,대전광역시 서구 문정로 19  (둔산동),,태원,2008-12-05 16:01,I,2018-08-31 23:59,,234190.3478,316220.5963,관광식당업,관광사업,,,,,,,,,,,,,,,,,,,,,,,,,,,,,3000000000,,,,
238,관광식당,07_24_01_P,3660000,CDFI3261042002000001,2002-07-12,,1,영업/정상,13,영업중,,,,,528-2272,,302-809,대전광역시 서구 갈마동 1129-2번지,대전광역시 서구 대덕대로 137  (갈마동),,르씨엘,2008-12-05 15:54,I,2018-08-31 23:59,,233542.7993,316191.4203,관광식당업,관광사업,,,,,,,,,,,,,,,,,,,,,,,,,,,,,120000000,,,,
239,관광식당,07_24_01_P,3660000,CDFI3261042002000002,2002-01-10,,1,영업/정상,13,영업중,,,,,545-1877,,302-811,대전광역시 서구 관저동 567-2번지,대전광역시 서구 도안대로 83  (관저동),,캐슬,2008-12-05 16:03,I,2018-08-31 23:59,,229941.8785,312102.3104,관광식당업,관광사업,,,,,,,,,,,,,,,,,,,,,,,,,,,,,1000000000,,,,
240,관광식당,07_24_01_P,3660000,CDFI3261042002000003,2002-01-15,,1,영업/정상,13,영업중,,,,,488-8044,,302-834,대전광역시 서구 만년동 377번지,대전광역시 서구 둔산대로117번길 22  (만년동),,비아로마,2008-12-05 16:04,I,2018-08-31 23:59,,234261.2871,318410.4067,관광식당업,관광사업,,,,,,,,,,,,,,,,,,,,,,,,,,,,,50000000,,,,
241,관광식당,07_24_01_P,3660000,CDFI3261042002000005,2002-03-11,,1,영업/정상,13,영업중,,,,,489-1735,,302-831,대전광역시 서구 둔산동 1426번지 동암빌딩 1층,"대전광역시 서구 둔산남로 95  (둔산동,동암빌딩 1층)",,오너스클럽,2008-12-05 16:20,I,2018-08-31 23:59,,234765.9,316567.555,관광식당업,관광사업,,,,,,,,,,,,,,,,,,,,,,,,,,,,,500000000,,,,
242,관광식당,07_24_01_P,3020000,CDFI3261041991000001,1991-01-21,,1,영업/정상,13,영업중,,,,,798-5211,,140-856,서울특별시 용산구 이태원동 258-7번지,서울특별시 용산구 회나무로44길 10  (이태원동),,라쿠치나(이태리식),2009-08-24 14:06,I,2018-08-31 23:59,,199618.6858,448700.2211,관광식당업,,,,,,,,,,,,,,,,,,,,,,,,,,,,,,,,,,
243,관광식당,07_24_01_P,3000000,CDFI3261042006000001,2006-11-23,,1,영업/정상,13,영업중,,,,,02-730-2051,,110-210,서울특별시 종로구 화동 117번지,서울특별시 종로구 북촌로 31-22  (화동),,씨제이푸드(주) 에프터더레인 안국점 (정진구),2006-12-06 10:20,I,2018-08-31 23:59,,198494.5369,453028.4541,관광식당업,관광사업,,,,,,,,,,,,,,,,,,,,,,,,,,,,,,,,,
244,관광식당,07_24_01_P,3000000,CDFI3261042009000001,2009-04-13,,1,영업/정상,13,영업중,,,,,747-2976,,110-843,서울특별시 종로구 창신동 695-1번지 3층,"서울특별시 종로구 종로 291  (창신동,3층)",,안나푸르나(Anna Purna),2009-05-07 11:30,I,2018-08-31 23:59,,200820.4112,452168.5734,관광식당업,,,,,,,,3,,,,,,,,,,,,,,,,,,,,,,,,,,
245,관광식당,07_24_01_P,5590000,CDFI3261042016000001,2016-11-16,,1,영업/정상,13,영업중,,,,,031-841-7187,,,경기도 양주시 광사동 691-2번지,경기도 양주시 고읍로 152 (광사동),11494,고구려짬뽕,2019-07-08 15:08,I,2019-07-10 2:21,,207533.5229,476645.574,관광식당업,,,,,,,,,,,,,,,,,,,,,,,,,,,,,,,,,,
246,관광식당,07_24_01_P,5590000,CDFI3261042016000002,2016-11-18,,1,영업/정상,13,영업중,,,,,031-857-7730,,,경기도 양주시 남면 한산리 292-4번지,경기도 양주시 남면 삼육사로404번길 8-3,11403,중원해물모듬짬뽕,2019-07-08 15:11,I,2019-07-10 2:21,,199706.2741,489703.7233,관광식당업,,,,,,,,,,,,,,,,,,,,,,,,,,,,,,,,,,
247,관광식당,07_24_01_P,4181000,CDFI3261042002000002,2002-12-27,,1,영업/정상,13,영업중,,,,,241-5453,,200-943,강원특별자치도 춘천시 퇴계동 1159-4,강원특별자치도 춘천시 우묵길74번길 14 (퇴계동),24367,쟈스민,2014-01-10 11:39,I,2023-06-13 0:00,,263677.535,485138.6051,관광식당업,관광사업,,0,,,,,0,0,0,0,,,0,0,,0,0,,0,480.4,,0,,,,,,,0,,,,480
248,관광식당,07_24_01_P,4181000,CDFI3261042005000002,2005-10-12,,1,영업/정상,13,영업중,,,,,243-3001,,200-931,강원특별자치도 춘천시 근화동 710-37,강원특별자치도 춘천시 공지로 426  (근화동),,북경관,2010-02-11 11:50,I,2023-06-13 0:00,,263306.9046,485915.433,관광식당업,관광사업,,0,,,,,0,0,0,0,,,0,0,,0,0,,0,147.9,,0,,,,,,,0,,,,148
249,관광식당,07_24_01_P,4181000,CDFI3261042007000001,2007-03-09,,1,영업/정상,13,영업중,,,,,256-4282,,200-852,강원특별자치도 춘천시 동면 만천리 329-13,강원특별자치도 춘천시 동면 순환대로 1154-42,,라이라이,2010-02-11 11:51,I,2023-06-13 0:00,,268301.8747,487416.1467,관광식당업,관광사업,,0,,,,,0,0,0,0,,,0,0,,0,0,,0,131.03,,0,,,,,,,0,,,,131
250,관광식당,07_24_01_P,4181000,CDFI3261042008000002,2008-12-31,,1,영업/정상,13,영업중,,,,,255-2067,,200-200,강원특별자치도 춘천시 삼천동 37-23,강원특별자치도 춘천시 옛경춘로 807 (삼천동),24239,"춘천명물닭갈비,막국수",2022-02-25 14:12,I,2023-06-13 0:00,,262114.4614,485474.3446,관광식당업,관광사업,,0,,,,,0,0,0,0,,,0,0,,0,0,,0,328.83,,0,,,,,,,3000000000,,,,329
251,관광식당,07_24_01_P,4181000,CDFI3261042009000001,2009-12-24,,1,영업/정상,13,영업중,,,,,254-3841,,200-113,강원특별자치도 춘천시 소양로3가 180-5,강원특별자치도 춘천시 금강로 38 (소양로3가),200-113,회영루,2014-01-10 13:38,I,2023-06-13 0:00,,263830.1091,486721.0898,관광식당업,,,0,,,,,0,0,0,0,,,0,0,,0,0,,0,0,,0,,,,,,,80000000,,,,0
252,관광식당,07_24_01_P,4181000,CDFI3261042010000001,2010-06-01,,1,영업/정상,13,영업중,,,,,242-3010,,200-853,강원특별자치도 춘천시 동면 장학리 144-16,강원특별자치도 춘천시 동면 순환대로 1154-97,,산토리니,2010-06-01 10:14,I,2023-06-13 0:00,,268215.6632,487927.4034,관광식당업,,,0,,,,,0,0,0,0,,,0,0,,0,0,,0,641.52,,0,,,,,,,0,,,,642
253,관광식당,07_24_01_P,4181000,CDFI3261042010000002,2010-10-13,,1,영업/정상,13,영업중,,,,,262-1321,,200-180,강원특별자치도 춘천시 석사동 802-2,강원특별자치도 춘천시 후석로 11-4  (석사동),,룽타우객잔,2010-11-09 10:54,I,2023-06-13 0:00,,264972.0714,484067.5439,관광식당업,,,0,,,,,0,0,0,0,,,0,0,,0,0,,0,0,,0,,,,,,,0,,,,0
254,관광식당,07_24_01_P,4181000,CDFI3261042011000002,2011-06-07,,1,영업/정상,13,영업중,,,,,263-5430,,200-180,강원특별자치도 춘천시 석사동 796-5,강원특별자치도 춘천시 퇴계로 191 (석사동),,전성환의 옛날손짜장,2022-02-04 10:08,I,2023-06-13 0:00,,265058.7665,484123.9031,관광식당업,,,0,,,,,1,0,0,0,,,0,0,,0,0,,0,231,,0,,,,,,,0,,,,231
255,관광식당,07_24_01_P,4181000,CDFI3261042011000003,2011-06-07,,1,영업/정상,13,영업중,,,,,242-8397,,200-042,강원특별자치도 춘천시 중앙로2가 15-1,강원특별자치도 춘천시 명동길 8 (중앙로2가),,친친,2022-02-04 9:58,I,2023-06-13 0:00,,263928.3666,486583.4605,관광식당업,,,0,,,,,0,1,0,0,,,0,0,,0,0,,0,214.5,,0,,,,,,,0,,,,215
256,관광식당,07_24_01_P,5670000,CDFI3261042007100002,2007-09-07,,1,영업/정상,13,영업중,,,,,055-248-2527,,631-060,경상남도 창원시 마산합포구 중성동 25-3,경상남도 창원시 마산합포구 3·15대로 383-4 (중성동),51283,백제령삼계탕,2021-02-19 10:38,I,2021-07-02 0:23,,343227.6774,191118.096,관광식당업,,,,,,,,,,,,,,,,,,,,,136,,,,,,,,,,,,,136
257,관광식당,07_24_01_P,5670000,CDFI3261042007100003,2007-04-27,,1,영업/정상,13,영업중,,,,,055-285-9751,,,경상남도 창원시 성산구 중앙동 101-2 대흥인터빌,"경상남도 창원시 성산구 중앙대로 33, 대흥인터빌 (중앙동)",51523,아웃백 중앙점,2021-02-19 20:56,I,2021-07-02 0:23,,352432.5251,192372.6652,관광식당업,,,,,,,,,,,,,,,,,,,,,,,,,,,,,,,,,,
258,관광식당,07_24_01_P,5670000,CDFI3261042009000001,2009-02-06,,1,영업/정상,13,영업중,,,,,055-288-3236,,,경상남도 창원시 의창구 팔용동 7 농산물도매시장,"경상남도 창원시 의창구 차상로18번길 45, 1층 1호 (팔용동)",51402,대진루,2021-11-25 11:51,U,2021-11-27 2:40,,349022.873,193510.9608,관광식당업,,,0,,,,,0,0,0,0,,,0,0,,0,0,,0,0,,0,,,,,,,0,,,,0
259,관광식당,07_24_01_P,5670000,CDFI3261042013000001,2013-02-27,,1,영업/정상,13,영업중,,,,,,,,경상남도 창원시 마산합포구 해운동 68 유로스퀘어,"경상남도 창원시 마산합포구 해안대로 51, 유로스퀘어 9층 (해운동)",51745,유로파크,2020-05-22 16:38,I,2021-07-02 0:23,,342378.5799,188083.1591,관광식당업,,,,,,,,,,,,,,,,,,,,,,,,,,,,,,,,,,
260,관광식당,07_24_01_P,5670000,CDFI3261042013000002,2013-04-18,,1,영업/정상,13,영업중,,,,,,,,경상남도 창원시 성산구 상남동 44-1 대동백화점,"경상남도 창원시 성산구 원이대로 730, 대동백화점 (상남동)",51498,푸와대동점,2020-05-27 17:41,I,2021-07-02 0:23,,353660.8898,192440.5775,관광식당업,,,,,,,,,,,,,,,,,,,,,,,,,,,,,,,,,,
261,관광식당,07_24_01_P,5670000,CDFI3261042014000001,2014-06-11,,1,영업/정상,13,영업중,,,,,055-600-0819,,641-200,경상남도 창원시 성산구 대원동 122 1층,"경상남도 창원시 성산구 원이대로 332 (대원동, 1층)",51408,블루핀,2021-07-01 9:37,I,2021-07-02 0:23,,350576.0561,194594.1548,관광식당업,,,,,,,,,,,,,,,,,,,,,1675.45,,,,,,,,,,,,,1675
262,관광식당,07_24_01_P,5670000,CDFI3261042015000001,2015-11-23,,1,영업/정상,13,영업중,,,,,055-299-8365,,,경상남도 창원시 의창구 팔용동 100 드림피아,"경상남도 창원시 의창구 팔용로 428, 드림피아 204호 (팔용동)",51378,카르본&컬투,2021-02-18 9:45,I,2021-07-02 0:23,,346705.9823,196222.1377,관광식당업,,,,,,,,,,,,,,,,,,,,,,,,,,,,,,,,,,
263,관광식당,07_24_01_P,5670000,CDFI3261042016000001,2016-09-27,,1,영업/정상,13,영업중,,,,,055-546-2250,,,경상남도 창원시 진해구 용원동 1221-15,경상남도 창원시 진해구 용원남로 90 (용원동),51604,양자강,2020-05-26 13:52,I,2021-07-02 0:23,,365419.5962,179452.0927,관광식당업,,,,,,,,,,,,,,,,,,,,,,,,,,,,,,,,,,
264,관광식당,07_24_01_P,5670000,CDFI3261042016000002,2016-12-13,,1,영업/정상,13,영업중,,,,,055-276-5442,,,경상남도 창원시 성산구 반지동 78 케이프타운,"경상남도 창원시 성산구 원이대로393번길 25, 케이프타운 (반지동)",51420,금룡,2021-11-25 16:08,U,2021-11-27 2:40,,351260.4977,194674.7012,관광식당업,,,0,,,,,0,0,0,0,,,0,0,,0,0,,0,0,,0,,,,,,,0,,,,0
265,관광식당,07_24_01_P,5670000,CDFI3261042017000001,2017-12-01,,1,영업/정상,13,영업중,,,,,055-275-8788,,,경상남도 창원시 성산구 신월동 77-12,경상남도 창원시 성산구 신월로 90 (신월동),51441,참수타,2021-07-01 9:37,I,2021-07-02 0:23,,354333.9085,193102.4053,관광식당업,,,,,,,,,,,,,,,,,,,,,,,,,,,,,,,,,,
266,관광식당,07_24_01_P,5670000,CDFI3261042017000002,2017-07-03,,1,영업/정상,13,영업중,,,,,055-551-1910,,,경상남도 창원시 진해구 태평동 86-2,경상남도 창원시 진해구 태평로 103 (태평동),51684,천안문쌀짜장,2020-05-26 13:54,I,2021-07-02 0:23,,352146.2527,184056.9562,관광식당업,,,,,,,,,,,,,,,,,,,,,,,,,,,,,,,,,,
267,관광식당,07_24_01_P,5670000,CDFI3261042017000003,2017-01-23,,1,영업/정상,13,영업중,,,,,055-551-9876,,,경상남도 창원시 진해구 평안동 1-10,경상남도 창원시 진해구 백구로 58-1 (평안동),51676,푸름각,2020-05-26 13:55,I,2021-07-02 0:23,,351131.2612,184693.1068,관광식당업,,,,,,,,,,,,,,,,,,,,,,,,,,,,,,,,,,
268,관광식당,07_24_01_P,5670000,CDFI3261042017000004,2017-07-31,,1,영업/정상,13,영업중,,,,,,,,경상남도 창원시 성산구 대방동 345-6,경상남도 창원시 성산구 대암로 141 (대방동),51469,호호손짜장,2020-05-27 17:44,I,2021-07-02 0:23,,355625.6895,191781.2434,관광식당업,,,,,,,,,,,,,,,,,,,,,,,,,,,,,,,,,,
269,관광식당,07_24_01_P,5670000,CDFI3261042018000001,2018-04-27,,1,영업/정상,13,영업중,,,,,055-600-5818,,,경상남도 창원시 성산구 대원동 121 더시티세븐,"경상남도 창원시 성산구 원이대로 320, 더시티세븐 1층 (대원동)",51408,푸와차이나,2021-11-24 18:00,U,2021-11-26 2:40,,350381.455,194669.2038,관광식당업,,,0,,,,,0,0,0,0,,,0,0,,0,0,,0,0,,0,,,,,,,0,,,,0
270,관광식당,07_24_01_P,5670000,CDFI3261042018000002,2018-06-28,,1,영업/정상,13,영업중,,,,,055-267-0553,,,경상남도 창원시 성산구 신월동 45-3,"경상남도 창원시 성산구 상남로 206, 지하1층 (신월동)",51443,용봉,2021-11-26 14:20,U,2021-11-28 2:40,,353653.8112,193612.5372,관광식당업,,,0,,,,,0,0,0,0,,,0,0,,0,0,,0,0,,0,,,,,,,0,,,,0
271,관광식당,07_24_01_P,5670000,CDFI3261042021000001,2021-01-21,,1,영업/정상,13,영업중,,,,,055-267-5242,,,경상남도 창원시 의창구 팔용동 169-7,경상남도 창원시 의창구 남산로27번길 1 (팔용동),51368,1985금화중식당,2021-02-25 9:31,I,2021-07-02 0:23,,346724.596,196717.0338,관광식당업,,,,,,,,,,,,,,,,,,,,,,,,,,,,,,,,,,
272,관광식당,07_24_01_P,5670000,CDFI3261042021000002,2021-06-24,,1,영업/정상,13,영업중,,,,,,,,경상남도 창원시 성산구 상남동 5-4,경상남도 창원시 성산구 마디미로4번길 5 (상남동),51495,수금재,2021-06-28 9:34,I,2021-07-02 0:23,,353339.5335,192928.2878,관광식당업,,,,,,,,,,,,SOOKUMJAE,TOURIST RESTAURANT(Korean Restaurant),,,,,,,,,,,,,,,,,,,,,
273,관광식당,07_24_01_P,5670000,CDFI3261042018000004,2018-08-13,,1,영업/정상,13,영업중,,,,,055-263-6618,,,경상남도 창원시 성산구 상남동 35-4 성산명가,"경상남도 창원시 성산구 마디미로63번길 7, 성산명가 (상남동)",51503,성산명가,2018-08-21 14:03,I,2021-07-02 0:23,,353126.3294,192401.3954,관광식당업,,,,,,,,,,,,,,,,,,,,,,,,,,,,,,,,,,
274,관광식당,07_24_01_P,5670000,CDFI3261042018000005,2018-09-12,,1,영업/정상,13,영업중,,,,,055-212-1133,,,경상남도 창원시 성산구 대원동 123 창원컨벤션센터,"경상남도 창원시 성산구 원이대로 362, 창원컨벤션센터 (대원동)",51408,하트인세코,2021-07-01 9:37,I,2021-07-02 0:23,,350741.1227,194512.0474,관광식당업,,,,,,,,,,,,,,,,,,,,,,,,,,,,,,,,,,
275,관광식당,07_24_01_P,5670000,CDFI3261042018000006,2018-12-11,,1,영업/정상,13,영업중,,,,,055-299-0991,,,경상남도 창원시 의창구 북면 화천리 432-21,경상남도 창원시 의창구 북면 천주로 579,51111,삼합짬뽕,2019-06-14 14:40,I,2021-07-02 0:23,,345500.9021,202127.5465,관광식당업,,,,,,,,,,,,,,,,,,,,,,,,,,,,,,,,,,
276,관광식당,07_24_01_P,5670000,CDFI3261042018000008,2018-07-26,,1,영업/정상,13,영업중,,,,,055-262-0760,,,경상남도 창원시 성산구 내동 456-21 일성그라미아파트,"경상남도 창원시 성산구 연덕로184번길 23, 일성그라미아파트 (내동)",51527,어주,2021-11-24 18:04,U,2021-11-26 2:40,,351817.4447,192273.9948,관광식당업,,,0,,,,,0,0,0,0,,,0,0,,0,0,,0,0,,0,,,,,,,0,,,,0
277,관광식당,07_24_01_P,5670000,CDFI3261042018000009,2018-12-11,,1,영업/정상,13,영업중,,,,,,,,경상남도 창원시 성산구 신촌동 103-5,"경상남도 창원시 성산구 월림로65번길 10, 1층 (신촌동)",51568,청화관,2020-06-01 14:19,I,2021-07-02 0:23,,349367.5165,191106.2947,관광식당업,,,,,,,,,,,,,,,,,,,,,,,,,,,,,,,,,,
278,관광식당,07_24_01_P,5670000,CDFI3261042019000001,2019-02-07,,1,영업/정상,13,영업중,,,,,055-263-6444,,,경상남도 창원시 성산구 사파동 3 대한빌딩,"경상남도 창원시 성산구 창이대로663번길 7, 대한빌딩 1층 (사파동)",51454,중국관,2019-04-12 13:44,I,2021-07-02 0:23,,354662.262,193163.8971,관광식당업,,,,,,,,,,,,,,,,,,,,,,,,,,,,,,,,,,
279,관광식당,07_24_01_P,5670000,CDFI3261042019000002,2019-03-07,,1,영업/정상,13,영업중,,,,,055-288-1536,,,경상남도 창원시 의창구 사림동 24-8,경상남도 창원시 의창구 창이대로469번길 19 (사림동),51153,장독짜장,2021-11-22 17:37,U,2021-11-24 2:40,,353556.1661,194764.2218,관광식당업,,,0,,,,,0,0,0,0,,,0,0,,0,0,,0,0,,0,,,,,,,0,,,,0
280,관광식당,07_24_01_P,5670000,CDFI3261042019000003,2019-03-07,,1,영업/정상,13,영업중,,,,,055-244-0621,,,경상남도 창원시 마산합포구 남성동 246-1 한백마리나타운,"경상남도 창원시 마산합포구 해안대로 331, 한백마리나타운 1층 (남성동)",51721,박리다매,2022-04-06 14:03,U,2022-04-08 2:40,,343494.6277,190294.0663,관광식당업,,,0,,,,,0,0,0,0,BAKLYDAMAE,TOURIST RESTAURANT,0,0,,0,0,,0,0,,0,,,,,,,0,,,,0
281,관광식당,07_24_01_P,5670000,CDFI3261042019000005,2019-07-16,,1,영업/정상,13,영업중,,,,,,,,경상남도 창원시 성산구 상남동 12-5,경상남도 창원시 성산구 마디미로15번길 11 (상남동),51495,오발탄,2020-05-27 17:36,I,2021-07-02 0:23,,353449.341,192756.4508,관광식당업,,,,,,,,,,,,,,,,,,,,,,,,,,,,,,,,,,
282,관광식당,07_24_01_P,5670000,CDFI3261042019000006,2019-10-31,,1,영업/정상,13,영업중,,,,,,,,경상남도 창원시 성산구 상남동 31-3 트윈스2빌딩,"경상남도 창원시 성산구 마디미로64번길 7, 트윈스2빌딩 (상남동)",51503,푸와 중국관,2020-05-27 17:43,I,2021-07-02 0:23,,352991.668,192444.834,관광식당업,,,,,,,,,,,,,,,,,,,,,,,,,,,,,,,,,,
283,관광식당,07_24_01_P,5670000,CDFI3261042020000001,2020-02-18,,1,영업/정상,13,영업중,,,,,055-262-8181,,,경상남도 창원시 성산구 용호동 73-34 윤성빌딩,경상남도 창원시 성산구 용지로153번길 4-20 (용호동),51436,대복성,2021-07-01 9:37,I,2021-07-02 0:23,,352994.7901,193555.2824,관광식당업,,,,,,,,,,,,,,,,,,,,,,,,,,,,,,,,,,
284,관광식당,07_24_01_P,5670000,CDFI3261042020000002,2020-03-25,,1,영업/정상,13,영업중,,,,,,,,경상남도 창원시 성산구 중앙동 97-3 상지솔리움,"경상남도 창원시 성산구 중앙대로 75, 상지솔리움 (중앙동)",51522,칭따오 황제쟁반짜장,2020-05-27 17:39,I,2021-07-02 0:23,,352654.9336,192703.7402,관광식당업,,,,,,,,,,,,,,,,,,,,,,,,,,,,,,,,,,
285,관광식당,07_24_01_P,5670000,CDFI3261042020000003,2020-08-24,,1,영업/정상,13,영업중,,,,,055-293-0885,,,경상남도 창원시 의창구 팔용동 40-9,경상남도 창원시 의창구 차룡로48번길 66 (팔용동),51391,이화원,2020-08-28 19:34,I,2021-07-02 0:23,,348597.8908,194632.5018,관광식당업,,,,,,,,,,,,,,,,,,,,,,,,,,,,,,,,,,
286,관광식당,07_24_01_P,5670000,CDFI3261042020000004,2020-09-11,,1,영업/정상,13,영업중,,,,,055-256-9888,,,경상남도 창원시 의창구 중동 754-3,경상남도 창원시 의창구 의창대로266번길 5 (중동),51380,마차이짬뽕,2021-11-22 13:50,U,2021-11-24 2:40,,348021.601,196909.9473,관광식당업,,,0,,,,,0,0,0,0,,,0,0,,0,0,,0,0,,0,,,,,,,0,,,,0
287,관광식당,07_24_01_P,5670000,CDFI3261042020000005,2020-11-24,,1,영업/정상,13,영업중,,,,,055-267-5248,,,경상남도 창원시 성산구 외동 853-6 로데오가구타운,"경상남도 창원시 성산구 창원대로 840, 로데오가구타운 (외동)",51531,금화중식당,2020-12-03 10:45,I,2021-07-02 0:23,,352946.7858,191523.8803,관광식당업,,,,,,,,,,,,,,,,,,,,,,,,,,,,,,,,,,
288,관광식당,07_24_01_P,5670000,CDFI3261042020000006,2020-09-11,,1,영업/정상,13,영업중,,,,,,,,경상남도 창원시 진해구 석동 515-2 하늘땅,"경상남도 창원시 진해구 진해대로728번길 7, 하늘땅 (석동)",51674,하늘땅 석동본점,2021-02-24 13:29,I,2021-07-02 0:23,,354384.6073,185737.9824,관광식당업,,,,,,,,,,,,,,,,,,,,,,,,,,,,,,,,,,
289,관광식당,07_24_01_P,5670000,CDFI3261042020000007,2020-10-29,,1,영업/정상,13,영업중,,,,,,,,경상남도 창원시 성산구 신촌동 15-10 신촌빌딩,"경상남도 창원시 성산구 신촌로 29, 신촌빌딩 (신촌동)",51564,하림중화요리,2021-02-24 13:59,I,2021-07-02 0:23,,348088.6489,190961.6401,관광식당업,,,,,,,,,,,,,,,,,,,,,,,,,,,,,,,,,,
290,관광식당,07_24_01_P,4820000,CDFI3261042004000001,2004-07-19,,1,영업/정상,13,영업중,,,,,061-741-4747,,540-120,전라남도 순천시 덕암동 188-46번지,,,키스(Kiss)나이트클럽,2007-07-27 11:43,I,2018-08-31 23:59,,,,관광식당업,관광사업,일반상업지역,4,기타,,,기타,4,,,,,,,,,,,,,1981.1,,,,,,,,,,,,,1981
291,관광식당,07_24_01_P,4820000,CDFI3261042010000001,2010-12-21,,1,영업/정상,13,영업중,,,,,061-811-0400,,540-968,전라남도 순천시 조례동 1587-4번지,,,에코라운지,2011-07-18 15:28,I,2018-08-31 23:59,,247594.7758,161803.004,관광식당업,,,,,,,,,,,,ECO Lounge,Tourist Restaurant Business,,,,,,,,,,,,,,,,,,,,,
292,관광식당,07_24_01_P,5670000,CDFI3261042022000001,2022-02-04,,1,영업/정상,13,영업중,,,,,,,,경상남도 창원시 마산합포구 구산면 구복리 376-1,경상남도 창원시 마산합포구 구산면 해양관광로 1927-46,51783,수국정,2022-04-06 14:05,I,2022-04-08 0:22,,342514.5402,175027.8826,관광식당업,,,0,,,,,0,0,0,0,,,0,0,,0,0,,0,0,,0,,,,,,,0,,,,0
293,관광식당,07_24_01_P,3160000,CDFI3261042007000001,2007-01-09,,1,영업/정상,13,영업중,,,,,2085-2888,,152-790,"서울특별시 구로구 구로동 212-8 대륭포스트타워1 지하 125, 126호","서울특별시 구로구 디지털로 288 (구로동, 대륭포스트타워1 지하 125, 126호)",8390,타오(중국식),2021-05-14 10:52,U,2021-05-16 2:40,,190680.5369,442392.6453,관광식당업,관광사업,,,,,,,,,,,,,,,,,,,,,,,,,,,,,,,,,
294,관광식당,07_24_01_P,3160000,CDFI3261042007000002,2007-09-05,,1,영업/정상,13,영업중,,,,,854-5552,,152-855,서울특별시 구로구 구로동 437-1번지,서울특별시 구로구 가마산로 229 (구로동),8284,도원(중국식),2015-06-29 9:59,I,2018-08-31 23:59,,189880.4497,443569.3526,관광식당업,관광사업,,,,,,,,,,,,,,,,,,,,,,,,,,,,,,,,,
295,관광식당,07_24_01_P,3160000,CDFI3261042008000001,2008-02-14,,1,영업/정상,13,영업중,,,,,3439-7793,,152-748,"서울특별시 구로구 신도림동 337번지 대우푸르지오 211, 212호","서울특별시 구로구 경인로 661 (신도림동, 대우푸르지오 211, 212호)",8208,상하이궁신도림점(중국식),2013-07-21 14:09,I,2018-08-31 23:59,,190005.1325,445250.5389,관광식당업,관광사업,,,,,,,,,,,,,,,,,,,,,,,,,,,,,,,,,
296,관광식당,07_24_01_P,3160000,CDFI3261042008000005,2008-12-29,,1,영업/정상,13,영업중,,,,,818-1414,,152-715,서울특별시 구로구 구로동 573번지 애경백화점 7층,"서울특별시 구로구 구로중앙로 152, 7층 (구로동, 애경백화점)",8292,얌차이나(구로) 중국식,2015-06-29 10:10,I,2018-08-31 23:59,,189570.3609,444336.0513,관광식당업,,,,,,팩스 02-6923-2701,,,,,,,,,,,,,,,,,,,,,,,,,,,,
297,관광식당,07_24_01_P,3160000,CDFI3261042009000001,2009-10-12,,1,영업/정상,13,영업중,,,,,826-8009,,152-743,서울특별시 구로구 구로동 197-5번지 삼성IT밸리 지층 109호,"서울특별시 구로구 디지털로33길 27, 지층 109호 (구로동, 삼성IT밸리)",8380,소용궁(중국식),2013-07-21 14:13,I,2018-08-31 23:59,,190612.7794,442662.4219,관광식당업,,,,,,,,,,,,,,,,,,,,,,,,,,,,,,,,,,
298,관광식당,07_24_01_P,3160000,CDFI3261042010000001,2010-09-08,,1,영업/정상,13,영업중,,,,,862-1642,,152-779,"서울특별시 구로구 구로동 212-30번지 에이스트윈타워2차 지하동 104,105호","서울특별시 구로구 디지털로 273, 지하동 104,105호 (구로동, 에이스트윈타워2차)",8381,죽림(중국식),2015-06-29 10:12,I,2018-08-31 23:59,,190565.1261,442423.3904,관광식당업,,,,,,,,,,,,,,,,,,,,,,,,,,,,,,,,,,
299,관광식당,07_24_01_P,3160000,CDFI3261042012000002,2012-06-14,,1,영업/정상,13,영업중,,,,,2211-0740,,152-888,서울특별시 구로구 신도림동 692번지 지하2층,"서울특별시 구로구 경인로 662, 지하2층 (신도림동)",8209,디큐브한식저잣거리,2014-06-18 14:35,I,2018-08-31 23:59,,190107.0454,445157.6264,관광식당업,,,,,,"대표자-오진권,최민수",,,,,,,,,,,,,,,,,,,,,,,,,,,,
300,관광식당,07_24_01_P,3050000,CDFI3261042017000003,2017-07-10,,1,영업/정상,13,영업중,,,,,02-2244-0008,,,서울특별시 동대문구 전농동 60-32,"서울특별시 동대문구 전농로20길 2, 1층 (전농동)",2506,신락원 제라-1-1565호,2022-01-27 14:18,U,2022-01-29 2:40,,204981.4618,452955.6779,관광식당업,,,0,,,,,0,0,0,0,,,0,0,,0,0,,0,89.2,,0,,,,,,,0,,,,89
301,관광식당,07_24_01_P,3050000,CDFI3261042009000004,2009-07-15,,1,영업/정상,13,영업중,,,,,926-5860,,130-860,서울특별시 동대문구 제기동 137-41 1층,서울특별시 동대문구 안암로24길 4 (제기동),2473,비나레스토랑   제라1-1112(인도식,2022-01-27 14:19,U,2022-01-29 2:40,,203046.0029,454014.5053,관광식당업,,,0,,,,근린생활시설,5,1,0,0,,,0,0,,0,0,,0,173.55,,0,,,,,,,0,,,,174
302,관광식당,07_24_01_P,3050000,CDFI3261042009000006,2009-03-18,,1,영업/정상,13,영업중,,,,,967-9595,,130-830,서울특별시 동대문구 이문동 288-23,서울특별시 동대문구 휘경로 3-8 (이문동),2419,영화장    제라1-1066,2022-01-27 14:19,U,2022-01-29 2:40,,205310.4618,454915.9395,관광식당업,,,2,,,,근린생활시설,0,0,0,0,,,0,0,,0,0,,0,124.63,,0,,,,,,,0,,,,125
303,관광식당,07_24_01_P,3050000,CDFI3261042008000005,2008-09-29,,1,영업/정상,13,영업중,,,,,966-7789,,130-865,서울특별시 동대문구 제기동 1142-8 지하1~1층,서울특별시 동대문구 회기로8길 11 (제기동),2468,공자식탁     제라1-1010 (중국식,2022-01-27 14:20,U,2022-01-29 2:40,,203452.1569,454291.5116,관광식당업,,,0,,,,근린생활시설,4,1,0,0,,,0,0,,0,0,,0,381.94,,0,,,,,,,0,,,,382
304,관광식당,07_24_01_P,3050000,CDFI3261042017000001,2017-03-09,,1,영업/정상,13,영업중,,,,,,,,서울특별시 동대문구 회기동 42-74,"서울특별시 동대문구 회기로13길 22, 1층 (회기동)",2454,도원 제라1-1541호,2022-01-27 14:19,U,2022-01-29 2:40,,204449.9149,454464.1758,관광식당업,,,0,,,서울시관광협회 신규지정통보회원2017-85호,근린생활시설,0,0,0,0,,,0,0,,0,0,,0,79.05,,0,,,,,,,0,,,,79
305,관광식당,07_24_01_P,3160000,CDFI3261042003000002,2003-04-15,,1,영업/정상,13,영업중,,,,,2066-6100,,152-826,서울특별시 구로구 고척동 69-34,서울특별시 구로구 경인로 398 (고척동),8275,실크로드(중국식),2021-01-25 14:59,U,2021-01-27 2:40,,187949.089,443890.8822,관광식당업,관광사업,,,,,,,,,,,,,,,,,,,,,,,,,,,,,,,,,
306,관광식당,07_24_01_P,3160000,CDFI3261042006000001,2006-09-11,,1,영업/정상,13,영업중,,,,,856-9245,,152-801,서울특별시 구로구 가리봉동 126-60번지,서울특별시 구로구 우마길 27 (가리봉동),8387,왕중왕미식성(중국식),2013-10-11 9:16,I,2018-08-31 23:59,,190115.7737,442066.282,관광식당업,관광사업,,,,,,,,,,,,,,,,,,,,,,,,,,,,,,,,,
307,관광식당,07_24_01_P,5670000,CDFI3261042021000005,2021-12-13,,1,영업/정상,13,영업중,,,,,055-275-4680,,,경상남도 창원시 성산구 성산동 77-1 SK테크노파크 넥스동 111호,"경상남도 창원시 성산구 완암로 50, SK테크노파크 넥스동 111호 (성산동)",51573,천안문1호점,2021-12-21 17:47,I,2021-12-23 0:22,,351434.3546,190869.6417,관광식당업,,,0,,,,,0,0,0,0,Cheonanmun First Restaurant,TOURIST RESTAURANT(Chinese Restaurant),0,0,,0,0,,0,0,,0,,,,,,,0,,,,0
308,관광식당,07_24_01_P,5670000,CDFI3261042021000006,2021-12-15,,1,영업/정상,13,영업중,,,,,055-267-1910,,,경상남도 창원시 성산구 천선동 1157 조광하우젠 아파트 지하103호,"경상남도 창원시 성산구 안민로159번길 10, 지하103호 (천선동, 조광하우젠 아파트)",51548,천안문옛날짜장,2022-06-14 11:18,U,2022-06-16 2:40,,354189.0589,188740.4139,관광식당업,,,0,,,,,0,0,0,0,Cheonanmun The Past Jajang,TOURIST RESTAURANT(Chinese Restaurant),0,0,,0,0,,0,0,,0,,,,,,,0,,,,0
309,관광식당,07_24_01_P,3900000,CDFI3261042018000001,2018-03-06,,1,영업/정상,13,영업중,,,,,220660977,,,경기도 광명시 철산동 463-38 힐팰리스,"경기도 광명시 시청로 15, 지하층 (철산동, 힐팰리스)",14216,명품,2021-12-13 12:39,I,2021-12-15 0:22,,187860.6495,441805.3824,관광식당업,,,0,,,,,0,0,0,0,,,0,0,,0,0,,0,0,,0,,,,,,,0,,,,0
310,관광식당,07_24_01_P,3660000,CDFI3261042002000004,2002-01-15,,1,영업/정상,13,영업중,,,,,482-9114,,302-834,대전광역시 서구 만년동 284번지,대전광역시 서구 대덕대로 370  (만년동),,육미대가,2008-12-05 16:18,I,2018-08-31 23:59,,234030.9292,318410.3825,관광식당업,관광사업,,,,,,,,,,,,,,,,,,,,,,,,,,,,,1000000000,,,,
311,관광식당,07_24_01_P,3660000,CDFI3261042007000002,2007-05-11,,1,영업/정상,13,영업중,,,,,487-3388,,302-831,대전광역시 서구 둔산동 1455번지,대전광역시 서구 둔산로 125  (둔산동),,이금당,2008-12-05 16:50,I,2018-08-31 23:59,,234753.2879,316820.3309,관광식당업,관광사업,,,,,,,,,,,,,,,,,,,,,,,,,,,,,800000000,,,,
312,관광식당,07_24_01_P,3860000,CDFI3261042003000002,2003-07-29,,1,영업/정상,13,영업중,,,,,327-2571,,420-862,경기도 부천시 원미구 상동 535-8,,,아웃백스테이크하우스 상동점,2016-07-02 19:22,I,2024-01-02 0:16,,178256.0783,444929.0568,관광식당업,관광사업,,0,,,,,0,0,0,0,,,0,0,,0,0,,0,0,,0,,,,,,,0,,,,0
313,관광식당,07_24_01_P,3860000,CDFI3261042005000001,2005-06-15,,1,영업/정상,13,영업중,,,,,662-5075,,420-822,경기도 부천시 원미구 심곡동 162-27,,,안나프르나,2016-07-02 19:21,I,2024-01-02 0:16,,180873.855,442903.6791,관광식당업,관광사업,,0,,,,,0,0,0,0,,,0,0,,0,0,,0,0,,0,,,,,,,0,,,,0
314,관광식당,07_24_01_P,3900000,CDFI3261042008000002,2008-11-04,,1,영업/정상,13,영업중,,,,,02-899-9296,,423-844,경기도 광명시 하안동 339-15,경기도 광명시 범안로 949 (하안동),14259,하림성,2021-12-10 10:10,U,2021-12-14 2:40,,188454.0233,439455.4652,관광식당업,관광사업,,1,,,,,0,0,0,0,,,0,0,,0,0,,0,150,,0,,,,,,,0,,,,150
315,관광식당,07_24_01_P,3900000,CDFI3261042009000001,2009-10-15,,1,영업/정상,13,영업중,,,,,,,423-060,경기도 광명시 하안동 35-6번지,경기도 광명시 하안로287번길 15-1 (하안동),14305,타오,2011-12-14 11:47,I,2018-08-31 23:59,,189220.3733,439847.7241,관광식당업,,,,,,,,,,,,,,,,,,,,,,,,,,,,,,,,,,
316,관광식당,07_24_01_P,3220000,CDFI3261041996000001,1996-10-28,,1,영업/정상,13,영업중,,,,,517-5007,,135-011,서울특별시 강남구 논현동 94번지,서울특별시 강남구 도산대로 334  (논현동),,(주)바른손 베니건스 압구정점,2011-07-12 18:10,I,2018-08-31 23:59,,203336.8215,446708.4039,관광식당업,,,,,,,,,,,,,,,,,,,,,,,,,,,,,,,,,,
317,관광식당,07_24_01_P,3220000,CDFI3261042007000009,2007-01-18,,1,영업/정상,13,영업중,,,,,541-1461,,135-896,"서울특별시 강남구 신사동 645-18번지 1,2층","서울특별시 강남구 언주로168길 24  (신사동,1,2층)",,젠하이더웨이,2011-12-16 11:07,I,2018-08-31 23:59,,203074.592,447086.2628,관광식당업,,,,,,,,,,,,,,,,,,,,,,,,,,,,,,,,,,
318,관광식당,07_24_01_P,3220000,CDFI3261042007000010,2007-06-07,,1,영업/정상,13,영업중,,,,,02-516-4808,,135-952,서울특별시 강남구 청담동 52-8번지 지상1층,"서울특별시 강남구 도산대로94길 33 (청담동,지상1층)",,중화요리첸,2015-09-04 11:36,I,2018-08-31 23:59,,204600.021,446887.2109,관광식당업,,,,,,,,,,,,,,,,,,,,,,,,,,,,,,,,,,
319,관광식당,07_24_01_P,3220000,CDFI3261042007000011,2007-10-24,,1,영업/정상,13,영업중,,,,,566-8090,,135-919,서울특별시 강남구 역삼동 708-33번지 파라다이스빌딩 지하1층 101호,"서울특별시 강남구 테헤란로52길 21  (역삼동,파라다이스빌딩 지하1층 101호)",,티엔티엔,2011-12-16 14:30,I,2018-08-31 23:59,,204222.8929,444524.8227,관광식당업,,,,,,,,,,,,,,,,,,,,,,,,,,,,,,,,,,
320,관광식당,07_24_01_P,3220000,CDFI3261042007000012,2007-03-13,,1,영업/정상,13,영업중,,,,,3445-8867,,135-950,서울특별시 강남구 청담동 22-16번지 1층,"서울특별시 강남구 선릉로146길 15  (청담동,1층)",,폴,2011-12-16 16:25,I,2018-08-31 23:59,,203550.0644,446655.0422,관광식당업,,,,,,,,,,,,,,,,,,,,,,,,,,,,,,,,,,
321,관광식당,07_24_01_P,3220000,CDFI3261042008000001,2008-11-12,,1,영업/정상,13,영업중,,,,,02-3444-0770,,135-517,서울특별시 강남구 청담동 96-6번지 1층,"서울특별시 강남구 도산대로75길 19  (청담동,1층)",,(주)가배전문점,2011-07-11 21:23,I,2018-08-31 23:59,,203958.6874,447021.6958,관광식당업,,,,,,,,,,,,,,,,,,,,,,,,,,,,,,,,,,
322,관광식당,07_24_01_P,3220000,CDFI3261042008000002,2008-05-16,,1,영업/정상,13,영업중,,,,,542-4073,,135-954,서울특별시 강남구 청담동 83-18번지,서울특별시 강남구 압구정로60길 22  (청담동),,(주)파리크라상 퀸스파크 청담점,2011-07-14 15:15,I,2018-08-31 23:59,,203608.2896,447076.6433,관광식당업,,,,,,,,,,,,,,,,,,,,,,,,,,,,,,,,,,
323,관광식당,07_24_01_P,3220000,CDFI3261042008000003,2008-07-25,,1,영업/정상,13,영업중,,,,,3454-0022,,135-871,서울특별시 강남구 삼성동 78번지 삼안빌딩 1층,"서울특별시 강남구 영동대로 648  (삼성동,삼안빌딩 1층)",,78온더라이즈,2011-07-14 15:20,I,2018-08-31 23:59,,205033.0113,446418.5808,관광식당업,,,,,,,,,,,,,,,,,,,,,,,,,,,,,,,,,,
324,관광식당,07_24_01_P,3220000,CDFI3261042008000006,2008-07-15,,1,영업/정상,13,영업중,,,,,565-7442,,135-911,서울특별시 강남구 역삼동 647-11번지 동영빌딩 지상 1층,"서울특별시 강남구 테헤란로13길 8-10  (역삼동,동영빌딩 지상 1층)",,그릴아지사이,2011-12-15 9:52,I,2018-08-31 23:59,,202870.0805,444238.9181,관광식당업,,,,,,,,,,,,,,,,,,,,,,,,,,,,,,,,,,
325,관광식당,07_24_01_P,3220000,CDFI3261042008000008,2008-03-05,,1,영업/정상,13,영업중,,,,,577-0913,,135-860,서울특별시 강남구 도곡동 953-1번지 지하1층 B107호,"서울특별시 강남구 강남대로 240  (도곡동,지하1층 B107호)",,란나타이(양재점),2011-12-15 13:52,I,2018-08-31 23:59,,202973.006,442568.8789,관광식당업,,,,,,,,,,,,,,,,,,,,,,,,,,,,,,,,,,
326,관광식당,07_24_01_P,3220000,CDFI3261042008000010,2008-09-22,,1,영업/정상,13,영업중,,,,,02-565-7454,,135-925,서울특별시 강남구 역삼동 746-12번지,서울특별시 강남구 논현로77길 3  (역삼동),,첸,2011-12-16 13:13,I,2018-08-31 23:59,,203313.7296,443862.5585,관광식당업,,,,,,,,,,,,,,,,,,,,,,,,,,,,,,,,,,
327,관광식당,07_24_01_P,3220000,CDFI3261042008000012,2008-10-20,,1,영업/정상,13,영업중,,,,,565-8887,,135-854,서울특별시 강남구 도곡동 518-7번지 1층,"서울특별시 강남구 논현로30길 6  (도곡동,1층)",,팔장선원,2011-12-16 14:36,I,2018-08-31 23:59,,203746.6684,442299.7795,관광식당업,,,,,,,,,,,,,,,,,,,,,,,,,,,,,,,,,,
328,관광식당,07_24_01_P,3220000,CDFI3261042007000002,2007-03-13,,1,영업/정상,13,영업중,,,,,547-7444,,135-950,서울특별시 강남구 청담동 22-12번지 1층,"서울특별시 강남구 도산대로58길 14  (청담동,1층)",,(주)이닝,2011-07-14 12:04,I,2018-08-31 23:59,,203579.8753,446686.7039,관광식당업,,,,,,,,,,,,,,,,,,,,,,,,,,,,,,,,,,
329,관광식당,07_24_01_P,3220000,CDFI3261042009000005,2009-08-10,,1,영업/정상,13,영업중,,,,,517-0108,,135-957,서울특별시 강남구 청담동 127-19번지 지상1층,"서울특별시 강남구 도산대로101길 9  (청담동,지상1층)",,도쿄 사이카보,2011-12-15 13:13,I,2018-08-31 23:59,,204564.6771,447060.1763,관광식당업,,,,,,,,,,,,,,,,,,,,,,,,,,,,,,,,,,
330,관광식당,07_24_01_P,3220000,CDFI3261042009000006,2009-04-23,,1,영업/정상,13,영업중,,,,,512-0830,,135-892,서울특별시 강남구 신사동 580-5번지 지하1층,"서울특별시 강남구 논현로175길 6  (신사동,지하1층)",,드마리,2011-12-15 13:31,I,2018-08-31 23:59,,202384.1769,447119.9383,관광식당업,,,,,,,,,,,,,,,,,,,,,,,,,,,,,,,,,,
331,관광식당,07_24_01_P,3220000,CDFI3261042009000010,2009-03-19,,1,영업/정상,13,영업중,,,,,02-3449-5864,,135-724,서울특별시 강남구 압구정동 현대백화점 본점 5층,,,크리스탈제이드상하이딜라이트,2011-12-16 13:37,I,2018-08-31 23:59,,,,관광식당업,,,,,,,,,,,,,,,,,,,,,,,,,,,,,,,,,,
332,관광식당,07_24_01_P,3220000,CDFI3261042009000011,2009-07-20,,1,영업/정상,13,영업중,,,,,02-3446-7990,,135-517,서울특별시 강남구 청담동 99-12번지 2층,"서울특별시 강남구 도산대로75길 14  (청담동,2층)",,키라,2011-12-16 13:46,I,2018-08-31 23:59,,204002.5548,446993.5243,관광식당업,,,,,,,,,,,,,,,,,,,,,,,,,,,,,,,,,,
333,관광식당,07_24_01_P,3220000,CDFI3261042011000001,2011-03-03,,1,영업/정상,13,영업중,,,,,544-6336,,135-819,서울특별시 강남구 논현동 99-7번지 지상1층,"서울특별시 강남구 선릉로145길 13  (논현동,지상1층)",,대가방본점,2011-12-15 11:27,I,2018-08-31 23:59,,203336.5853,446550.9413,관광식당업,,,,,,,,,,,,,,,,,,,,,,,,,,,,,,,,,,
334,관광식당,07_24_01_P,3220000,CDFI3261042011000002,2011-04-11,,1,영업/정상,13,영업중,,,,,545-6154,,135-893,서울특별시 강남구 신사동 601-3번지 동우빌딩 지상1층,"서울특별시 강남구 논현로168길 25  (신사동,동우빌딩 지상1층)",,일일향,2011-12-16 11:08,I,2018-08-31 23:59,,202613.4588,446843.0225,관광식당업,,,,,,,,,,,,,,,,,,,,,,,,,,,,,,,,,,
335,관광식당,07_24_01_P,3220000,CDFI3261042010000003,2010-12-06,,1,영업/정상,13,영업중,,,,,2112-3883,,135-984,서울특별시 강남구 역삼동 강남파이낸스센터 지하2층,,,(주)토마틸로지에프씨,2011-07-14 13:54,I,2018-08-31 23:59,,,,관광식당업,,,,,,,,,,,,,,,,,,,,,,,,,,,,,,,,,,
336,관광식당,07_24_01_P,3220000,CDFI3261042009000001,2009-11-16,,1,영업/정상,13,영업중,,,,,3442-4451,,,서울특별시 강남구 청담동 2-10번지 남강빌딩 지하 1층,"서울특별시 강남구 도산대로 412 (청담동, 남강빌딩)",6062,(주)일본요리점 청산,2015-08-04 17:56,I,2018-08-31 23:59,,203528.8893,446748.0796,관광식당업,,,,,,,,,,,,,,,,,,,,,,,,,,,,,,,,,,
337,관광식당,07_24_01_P,3220000,CDFI3261042010000005,2010-08-12,,1,영업/정상,13,영업중,,,,,545-1330,,135-896,서울특별시 강남구 신사동 645-1번지 히든하우스 1층,"서울특별시 강남구 언주로168길 16  (신사동,히든하우스 1층)",,그라노,2011-12-15 9:49,I,2018-08-31 23:59,,203018.0304,447101.9635,관광식당업,,,,,,,,,,,,,,,,,,,,,,,,,,,,,,,,,,
338,관광식당,07_24_01_P,3220000,CDFI3261042007000004,2007-08-02,,1,영업/정상,13,영업중,,,,,541-7663,,135-830,서울특별시 강남구 논현동 240-14번지 1층,"서울특별시 강남구 선릉로129길 24  (논현동,1층)",,공리(논현점),2011-12-15 9:34,I,2018-08-31 23:59,,203422.6835,445985.246,관광식당업,,,,,,,,,,,,,,,,,,,,,,,,,,,,,,,,,,
339,관광식당,07_24_01_P,3220000,CDFI3261042007000007,2007-05-09,,1,영업/정상,13,영업중,,,,,573-2267,,135-964,서울특별시 강남구 개포동 1237-10번지 지상1층,"서울특별시 강남구 개포로20길 6  (개포동,지상1층)",,띵호아,2011-12-15 13:47,I,2018-08-31 23:59,,204084.3982,441790.043,관광식당업,,,,,,,,,,,,,,,,,,,,,,,,,,,,,,,,,,
340,관광식당,07_24_01_P,3220000,CDFI3261042010000007,2010-04-23,,1,영업/정상,13,영업중,,,,,3453-0936,,135-840,서울특별시 강남구 대치동 899-3번지 2층,"서울특별시 강남구 역삼로63길 23  (대치동,2층)",,나베야,2011-12-15 11:20,I,2018-08-31 23:59,,204507.4505,444500.8345,관광식당업,,,,,,,,,,,,,,,,,,,,,,,,,,,,,,,,,,
341,관광식당,07_24_01_P,3220000,CDFI3261042010000009,2010-07-13,,1,영업/정상,13,영업중,,,,,558-0321,,135-839,서울특별시 강남구 대치동 890-30번지 지하1층,"서울특별시 강남구 선릉로90길 42  (대치동,지하1층)",,더차이나,2011-12-15 11:41,I,2018-08-31 23:59,,204582.6334,444735.2318,관광식당업,,,,,,,,,,,,,,,,,,,,,,,,,,,,,,,,,,
342,관광식당,07_24_01_P,3220000,CDFI3261042010000012,2010-05-12,,1,영업/정상,13,영업중,,,,,549-2888,,135-818,서울특별시 강남구 논현동 86-5번지,서울특별시 강남구 논현로132길 13  (논현동),,도일처(정찬우),2011-12-15 13:08,I,2018-08-31 23:59,,202724.2143,445894.3059,관광식당업,,,,,,,,,,,,,,,,,,,,,,,,,,,,,,,,,,
343,관광식당,07_24_01_P,3220000,CDFI3261042010000016,2010-12-21,,1,영업/정상,13,영업중,,,,,516-0210,,135-895,서울특별시 강남구 신사동 627-11번지 포도빌딩 지하1층,"서울특별시 강남구 언주로 825  (신사동,포도빌딩 지하1층)",,레스토랑 호카이도,2011-12-15 13:56,I,2018-08-31 23:59,,202823.9741,446844.0887,관광식당업,,,,,,,,,,,,,,,,,,,,,,,,,,,,,,,,,,
344,관광식당,07_24_01_P,3220000,CDFI3261042010000020,2010-05-14,,1,영업/정상,13,영업중,,,,,02-3457-4807,,135-843,서울특별시 강남구 대치동 922-23번지,서울특별시 강남구 선릉로64길 5  (대치동),,일품향(이미영),2011-12-16 11:08,I,2018-08-31 23:59,,204586.86,443967.2748,관광식당업,,,,,,,,,,,,,,,,,,,,,,,,,,,,,,,,,,
345,관광식당,07_24_01_P,3220000,CDFI3261042010000022,2010-04-14,,1,영업/정상,13,영업중,,,,,02-564-7536,,135-281,서울특별시 강남구 대치동 1021-1번지 101호,"서울특별시 강남구 도곡로 446  (대치동,101호)",,차이웍,2011-12-16 11:20,I,2018-08-31 23:59,,205183.1717,443978.2717,관광식당업,,,,,,,,,,,,,,,,,,,,,,,,,,,,,,,,,,
346,관광식당,07_24_01_P,3220000,CDFI3261042010000024,2010-08-25,,1,영업/정상,13,영업중,,,,,02-563-0023,,135-914,서울특별시 강남구 역삼동 668-12번지,서울특별시 강남구 봉은사로30길 70  (역삼동),,청학루,2011-12-16 11:32,I,2018-08-31 23:59,,203175.0817,444532.302,관광식당업,,,,,,,,,,,,,,,,,,,,,,,,,,,,,,,,,,
347,관광식당,07_24_01_P,3220000,CDFI3261041997000001,1997-12-08,,1,영업/정상,13,영업중,,,,,567-8600,,135-819,서울특별시 강남구 논현동 94번지,서울특별시 강남구 도산대로 334  (논현동),,(주)바른손베니건스 코엑스점,2011-07-12 18:14,I,2018-08-31 23:59,,203336.8215,446708.4039,관광식당업,,,,,,,,,,,,,,,,,,,,,,,,,,,,,,,,,,
348,관광식당,07_24_01_P,3220000,CDFI3261042001000001,2001-05-03,,1,영업/정상,13,영업중,,,,,3463-5292,,135-860,서울특별시 강남구 도곡동 대신증권빌딩 지하 1층,,,(주)이목원 배나무골,2011-07-14 13:01,I,2018-08-31 23:59,,,,관광식당업,,,,,,,,,,,,,,,,,,,,,,,,,,,,,,,,,,
349,관광식당,07_24_01_P,3220000,CDFI3261042003000001,2003-02-14,,1,영업/정상,13,영업중,,,,,511-6666,,135-822,서울특별시 강남구 논현동 141-3번지,서울특별시 강남구 학동로2길 11  (논현동),,(주)삼양만나취영루,2011-07-14 11:22,I,2018-08-31 23:59,,201943.3181,445373.1683,관광식당업,,,,,,,,,,,,,,,,,,,,,,,,,,,,,,,,,,
350,관광식당,07_24_01_P,3220000,CDFI3261042004000001,2004-05-09,,1,영업/정상,13,영업중,,,,,555-05550,,135-933,서울특별시 강남구 역삼동 833번지,서울특별시 강남구 역삼로 118  (역삼동),,대려도,2011-12-15 11:29,I,2018-08-31 23:59,,202763.1976,443461.0859,관광식당업,,,,,,,,,,,,,,,,,,,,,,,,,,,,,,,,,,
351,관광식당,07_24_01_P,3220000,CDFI3261042005000001,2005-07-19,,1,영업/정상,13,영업중,,,,,02-3446-5547,,135-517,서울특별시 강남구 청담동 92-8번지,서울특별시 강남구 도산대로 439  (청담동),,(주)뉴후론티어산업 그릴에이치,2011-07-11 21:22,I,2018-08-31 23:59,,203799.644,446878.8401,관광식당업,,,,,,,,,,,,,,,,,,,,,,,,,,,,,,,,,,
352,관광식당,07_24_01_P,3220000,CDFI3261042005000003,2005-09-30,,1,영업/정상,13,영업중,,,,,02-516-8837,,135-888,서울특별시 강남구 신사동 525-10번지,서울특별시 강남구 논현로175길 107  (신사동),,채운,2011-12-16 11:30,I,2018-08-31 23:59,,201771.1143,446690.1158,관광식당업,,,,,,,,,,,,,,,,,,,,,,,,,,,,,,,,,,
353,관광식당,07_24_01_P,3220000,CDFI3261042006000001,2006-10-30,,1,영업/정상,13,영업중,,,,,565-3849,,135-501,"서울특별시 강남구 대치동 991-2번지 태호빌딩 1층, 지하1층","서울특별시 강남구 도곡로 528  (대치동,태호빌딩 1층, 지하1층)",,(주)다연외식 현경,2011-07-12 17:20,I,2018-08-31 23:59,,205601.4645,444158.9637,관광식당업,,,,,,,,,,,,,,,,,,,,,,,,,,,,,,,,,,
354,관광식당,07_24_01_P,3220000,CDFI3261042006000002,2006-10-26,,1,영업/정상,13,영업중,,,,,3452-7500,,135-880,서울특별시 강남구 삼성동 158-10번지 마젤란21아스테리움 B101-B104호,"서울특별시 강남구 테헤란로87길 17  (삼성동,마젤란21아스테리움 B101-B104호)",,(주)바른손 베니건스 테헤란로점,2011-07-14 11:05,I,2018-08-31 23:59,,205091.7258,445178.0721,관광식당업,,,,,,,,,,,,,,,,,,,,,,,,,,,,,,,,,,
355,관광식당,07_24_01_P,3220000,CDFI3261042006000004,2006-03-20,,1,영업/정상,13,영업중,,,,,549-6858,,135-818,서울특별시 강남구 논현동 83-20번지,서울특별시 강남구 학동로37길 23  (논현동),,가향,2011-07-14 15:32,I,2018-08-31 23:59,,202962.7719,446064.8522,관광식당업,,,,,,,,,,,,,,,,,,,,,,,,,,,,,,,,,,
356,관광식당,07_24_01_P,3220000,CDFI3261042006000005,2006-09-19,,1,영업/정상,13,영업중,,,,,3468-4670,,135-570,서울특별시 강남구 대치동 금강타워 지하1층,,,강가 선릉점,2011-07-14 15:42,I,2018-08-31 23:59,,,,관광식당업,,,,,,,,,,,,,,,,,,,,,,,,,,,,,,,,,,
357,관광식당,07_24_01_P,3220000,CDFI3261042006000006,2006-07-25,,1,영업/정상,13,영업중,,,,,562-5565,,135-719,서울특별시 강남구 역삼동 아세아타워빌딩 지하1층,,,루안(아세아타워점),2011-12-15 14:21,I,2018-08-31 23:59,,,,관광식당업,,,,,,,,,,,,,,,,,,,,,,,,,,,,,,,,,,
358,관광식당,07_24_01_P,3200000,CDFI3261042009000003,2009-11-16,,1,영업/정상,13,영업중,,,,,830-2284,,151-902,서울특별시 관악구 신림동 1643-4번지,서울특별시 관악구 시흥대로 576  (신림동),,칠룡성,2011-06-23 16:20,I,2018-08-31 23:59,,191358.4776,442434.654,관광식당업,,,,,,,,,,,,,,,,,,,,,,,,,,,,,,,,,,
359,관광식당,07_24_01_P,3200000,CDFI3261042004000002,2004-06-08,,1,영업/정상,13,영업중,,,,,884-4761,,151-835,서울특별시 관악구 봉천동 1601-1번지,서울특별시 관악구 남부순환로 1840 (봉천동),,아웃백스테이크하우스 서울대점,2015-09-25 16:35,I,2018-08-31 23:59,,195888.1921,442019.9997,관광식당업,,,,,,,,,,,,,,,,,,,,,,,,,,,,,,,,,,
360,관광식당,07_24_01_P,3200000,CDFI3261042007000001,2007-02-05,,1,영업/정상,13,영업중,,,,,875-2224,,151-057,서울특별시 관악구 봉천동 1598-21번지,서울특별시 관악구 관악로 146  (봉천동),,만리장성,2011-06-23 15:41,I,2018-08-31 23:59,,195734.7399,441790.6418,관광식당업,,,,,,,,,,,,,,,,,,,,,,,,,,,,,,,,,,
361,관광식당,07_24_01_P,3200000,CDFI3261042008000003,2008-08-01,,1,영업/정상,13,영업중,,,,,877-1272,,151-891,서울특별시 관악구 신림동 1430-11번지,서울특별시 관악구 신림동길 4  (신림동),,아리차이,2011-06-23 16:01,I,2018-08-31 23:59,,193586.3468,442834.5469,관광식당업,,,,,,,,,,,,,,,,,,,,,,,,,,,,,,,,,,
362,관광식당,07_24_01_P,3200000,CDFI3261042016000001,2016-05-02,,1,영업/정상,13,영업중,,,,,070-4521-9421,,,서울특별시 관악구 봉천동 1604-1번지 1층,"서울특별시 관악구 관악로14길 22, 1층 (봉천동)",8788,라꼬미다데수다메리카,2016-05-23 15:57,I,2018-08-31 23:59,,195840.8235,441869.8436,관광식당업,,,,,,,,,,,,,,,,,,,,,,,,,,,,,,,,,,
363,관광식당,07_24_01_P,3200000,CDFI3261042016000002,2016-06-20,,1,영업/정상,13,영업중,,,,,,,,서울특별시 관악구 봉천동 1625-29번지 2층,"서울특별시 관악구 낙성대로 16, 2층 (봉천동, 낙성대빌딩)",8790,China 唐(차이나당),2016-06-25 12:25,I,2018-08-31 23:59,,196285.2952,441657.9605,관광식당업,,일반주거지역,4,주택가주변,,,근린생활시설,2,,,,,,,,,,,,,164.5,,,,,,,,,,,,,165
364,관광식당,07_24_01_P,3100000,CDFI3261042008000001,2008-06-26,,1,영업/정상,13,영업중,,,,,02-2653-8315,,139-837,서울특별시 노원구 상계동 1117-16번지,서울특별시 노원구 동일로242가길 22  (상계동),,천객가 수락산역점,2008-07-16 9:39,I,2018-08-31 23:59,,204875.0468,463829.1098,관광식당업,관광사업,,,,,,,,,,,,,,,,,,,,,,,,,,,,,,,,,
365,관광식당,07_24_01_P,3100000,CDFI3261042008000002,2008-08-25,,1,영업/정상,13,영업중,,,,,936-3969,,139-818,서울특별시 노원구 상계동 389-683번지,서울특별시 노원구 상계로27길 7  (상계동),,천지천(Chun Ji Chun),2008-08-27 14:58,I,2018-08-31 23:59,,206161.1846,461838.485,관광식당업,관광사업,,,,,,,,,,,,,,,,,,,,,,,,,,,,,,,,,
366,관광식당,07_24_01_P,3220000,CDFI3261042010000010,2010-06-30,,1,영업/정상,13,영업중,,,,,2127-9835,,135-896,서울특별시 강남구 신사동 646-2번지 지상1층,"서울특별시 강남구 언주로164길 29  (신사동,지상1층)",,더키친살바토레쿠오모압구정점,2011-12-15 11:48,I,2018-08-31 23:59,,203114.5821,447047.1112,관광식당업,,,,,,,,,,,,,,,,,,,,,,,,,,,,,,,,,,
367,관광식당,07_24_01_P,3020000,CDFI3261042008000011,2008-06-11,,1,영업/정상,13,영업중,,,,,3785-1555,,140-858,서울특별시 용산구 이태원동 116-14번지 지상2층,"서울특별시 용산구 이태원로27가길 52  (이태원동,지상2층)",,젤렌,2009-08-07 10:56,I,2018-08-31 23:59,,199250.4279,448098.7581,관광식당업,,,,,,,,,,,,,,,,,,,,,,,,,,,,,,,,,,
368,관광식당,07_24_01_P,5670000,CDFI3261042021000004,2021-10-01,,1,영업/정상,13,영업중,,,,,055-285-8488,,,경상남도 창원시 성산구 신월동 39-4,경상남도 창원시 성산구 상남로 224-1 (신월동),51440,남해일식,2021-10-05 10:18,I,2021-10-07 0:22,,353761.715,193771.7575,관광식당업,,,0,,,,,0,0,0,0,Namhaeilsik,TOURIST RESTAURANG(Japanese Restaurant),0,0,,0,0,,0,0,,0,,,,,,,0,,,,0
369,관광식당,07_24_01_P,5350000,CDFI3261042023000003,2023-03-15,,1,영업/정상,13,영업중,,,,,055-335-6439,,,경상남도 김해시 대동면 초정리 952-25,경상남도 김해시 대동면 동남로45번길 8,50808,대동할매국수,2023-03-16 9:28,I,2023-03-18 0:41,,381428.1988,194887.1064,관광식당업,,,0,,,,,0,0,0,0,,,0,0,,0,0,,0,0,,0,,,,,,,0,,,,0
370,관광식당,07_24_01_P,5350000,CDFI3261042023000002,2023-02-23,,1,영업/정상,13,영업중,,,,,055-334-8852,,,경상남도 김해시 구산동 933,경상남도 김해시 김해대로1902번길 12-134 (구산동),50883,연지가든,2023-02-24 15:49,I,2023-02-26 0:41,,369694.5681,196265.2369,관광식당업,,,0,,,,,0,0,0,0,,,0,0,,0,0,,0,0,,0,,,,,,,0,,,,0
371,관광식당,07_24_01_P,5670000,CDFI3261042023000008,2023-04-07,,1,영업/정상,13,영업중,,,,,055-297-5253,,,경상남도 창원시 마산회원구 양덕동 84-14 메트로시티 2단지,"경상남도 창원시 마산회원구 삼호로 80, 210동 201호 (양덕동, 메트로시티 2단지)",51319,모티키친,2024-01-24 11:21,I,2024-01-26 0:16,,344258.6291,192909.7195,관광식당업,,,0,,,,,0,0,0,0,,,0,0,,0,0,,0,0,,0,,,,,,,0,,,,0
372,관광식당,07_24_01_P,5670000,CDFI3261042022000004,2022-08-05,,1,영업/정상,13,영업중,,,,,055-298-5502,,,경상남도 창원시 의창구 중동 437,경상남도 창원시 의창구 읍성로34번길 17-8 (중동),51195,박말순(디벨로펀),2024-01-24 9:47,I,2024-01-26 0:16,,347584.488,197194.6065,관광식당업,,,0,,,,,0,0,0,0,,,0,0,,0,0,,0,0,,0,,,,,,,0,,,,0
373,관광식당,07_24_01_P,5670000,CDFI3261042022000005,2022-09-08,,1,영업/정상,13,영업중,,,,,055-288-8997,,,경상남도 창원시 의창구 서상동 676-7,경상남도 창원시 의창구 평산로171번길 2 (서상동),51371,창원삼거리식당중동본점,2024-01-24 10:01,I,2024-01-26 0:16,,347705.5552,196557.4331,관광식당업,,,0,,,,,0,0,0,0,,,0,0,,0,0,,0,0,,0,,,,,,,0,,,,0
374,관광식당,07_24_01_P,5670000,CDFI3261042022000006,2022-11-10,,1,영업/정상,13,영업중,,,,,055-255-7111,,,경상남도 창원시 의창구 중동 427,경상남도 창원시 의창구 읍성로34번길 23 (중동),51195,목민정,2024-01-24 9:50,I,2024-01-26 0:16,,347574.7977,197165.6617,관광식당업,,,0,,,,,0,0,0,0,,,0,0,,0,0,,0,0,,0,,,,,,,0,,,,0
375,관광식당,07_24_01_P,5670000,CDFI3261042022000007,2022-10-11,,1,영업/정상,13,영업중,,,,,552413008,,,경상남도 창원시 마산합포구 구산면 유산리 115-3,경상남도 창원시 마산합포구 구산면 유산군령로 266,51779,한우미담,2024-01-24 10:07,I,2024-01-26 0:16,,342405.5612,182491.5295,관광식당업,,,0,,,,,0,0,0,0,,,0,0,,0,0,,0,0,,0,,,,,,,0,,,,0
376,관광식당,07_24_01_P,5670000,CDFI3261042022000008,2022-11-15,,1,영업/정상,13,영업중,,,,,055-241-6062,,,경상남도 창원시 마산합포구 자산동 297-6,경상남도 창원시 마산합포구 자산삼거리로 24 (자산동),51256,대가,2024-01-24 10:09,I,2024-01-26 0:16,,342468.6895,190484.8627,관광식당업,,,0,,,,,0,0,0,0,,,0,0,,0,0,,0,0,,0,,,,,,,0,,,,0
377,관광식당,07_24_01_P,5670000,CDFI3261042022000009,2022-11-15,,1,영업/정상,13,영업중,,,,,055-542-7010,,,경상남도 창원시 진해구 장천동 403-1,경상남도 창원시 진해구 충장로657번길 40 (장천동),51628,이코이,2024-01-24 13:06,I,2024-01-26 0:16,,355628.7387,182623.8791,관광식당업,,,0,,,,,0,0,0,0,,,0,0,,0,0,,0,0,,0,,,,,,,0,,,,0
378,관광식당,07_24_01_P,5670000,CDFI3261042022000010,2022-11-15,,1,영업/정상,13,영업중,,,,,055-552-5378,,,"경상남도 창원시 진해구 용원동 1213-2 101호,104호",경상남도 창원시 진해구 용원서로39번길 21 (용원동),51605,보배반점용원점,2024-01-24 15:48,I,2024-01-26 0:16,,365052.18,179535.9319,관광식당업,,,0,,,,,0,0,0,0,,,0,0,,0,0,,0,0,,0,,,,,,,0,,,,0
379,관광식당,07_24_01_P,5670000,CDFI3261042022000011,2022-11-17,,1,영업/정상,13,영업중,,,,,055-545-0409,,,경상남도 창원시 진해구 이동 331-6 동방횟집,"경상남도 창원시 진해구 해원로 20, 동방횟집 (이동)",51664,동방횟집,2024-01-24 15:51,I,2024-01-26 0:16,,354494.9014,185188.6253,관광식당업,,,0,,,,,0,0,0,0,,,0,0,,0,0,,0,0,,0,,,,,,,0,,,,0
380,관광식당,07_24_01_P,5670000,CDFI3261042023000001,2023-02-14,,1,영업/정상,13,영업중,,,,,055-298-8989,,,경상남도 창원시 의창구 북면 지개리 644-3,경상남도 창원시 의창구 북면 천주로 240-10,51113,산수정,2024-01-24 9:52,I,2024-01-26 0:16,,346794.2266,199224.3381,관광식당업,,,0,,,,,0,0,0,0,,,0,0,,0,0,,0,0,,0,,,,,,,0,,,,0
381,관광식당,07_24_01_P,5670000,CDFI3261042023000002,2023-05-10,,1,영업/정상,13,영업중,,,,,055-284-6274,,,경상남도 창원시 의창구 사림동 165-1,"경상남도 창원시 의창구 용동로83번안길 36, 4층 (사림동)",51139,다이닝원창원점,2024-01-24 9:53,I,2024-01-26 0:16,,354662.1784,194678.3701,관광식당업,,,0,,,,,0,0,0,0,,,0,0,,0,0,,0,0,,0,,,,,,,0,,,,0
382,관광식당,07_24_01_P,5670000,CDFI3261042023000003,2023-08-01,,1,영업/정상,13,영업중,,,,,055-256-6888,,,경상남도 창원시 의창구 북면 화천리 433-3,경상남도 창원시 의창구 북면 천주로 585,51111,주문진메밀칼국수,2024-01-24 9:54,I,2024-01-26 0:16,,345524.0074,202206.7124,관광식당업,,,0,,,,,0,0,0,0,,,0,0,,0,0,,0,0,,0,,,,,,,0,,,,0
383,관광식당,07_24_01_P,5670000,CDFI3261042023000004,2023-08-02,,1,영업/정상,13,영업중,,,,,055-277-0800,,,경상남도 창원시 의창구 소계동 130-121,경상남도 창원시 의창구 의창대로 51-7 (소계동),51187,곰달청기와,2024-01-24 9:56,I,2024-01-26 0:16,,346084.7016,196403.61,관광식당업,,,0,,,,,0,0,0,0,,,0,0,,0,0,,0,0,,0,,,,,,,0,,,,0
384,관광식당,07_24_01_P,5670000,CDFI3261042023000005,2023-09-11,,1,영업/정상,13,영업중,,,,,055-252-3527,,,경상남도 창원시 의창구 동읍 단계리 290-2,경상남도 창원시 의창구 동읍 자여로118번길 5-5,51135,식탁위의텃밭,2024-01-24 9:57,I,2024-01-26 0:16,,355012.7931,198392.9071,관광식당업,,,0,,,,,0,0,0,0,,,0,0,,0,0,,0,0,,0,,,,,,,0,,,,0
385,관광식당,07_24_01_P,5670000,CDFI3261042023000006,2023-08-11,,1,영업/정상,13,영업중,,,,,,,,경상남도 창원시 마산합포구 교방동 468,경상남도 창원시 마산합포구 서원곡1길 104 (교방동),51269,무학산오리하우스,2024-01-24 10:10,I,2024-01-26 0:16,,341744.2758,191123.2687,관광식당업,,,0,,,,,0,0,0,0,,,0,0,,0,0,,0,0,,0,,,,,,,0,,,,0
386,관광식당,07_24_01_P,5670000,CDFI3261042023000007,2023-05-04,,1,영업/정상,13,영업중,,,,,055-232-6700,,,경상남도 창원시 마산회원구 두척동 455,경상남도 창원시 마산회원구 두척1길 27 (두척동),51310,고구려,2024-01-24 11:21,I,2024-01-26 0:16,,340284.0858,194200.2924,관광식당업,,,0,,,,,0,0,0,0,,,0,0,,0,0,,0,0,,0,,,,,,,0,,,,0
387,관광식당,07_24_01_P,5670000,CDFI3261042023000009,2023-04-13,,1,영업/정상,13,영업중,,,,,055-543-2522,,,경상남도 창원시 진해구 태백동 4-539,"경상남도 창원시 진해구 태백서로47번길 19, 1층 (태백동)",51578,백제13月,2024-01-24 15:58,I,2024-01-26 0:16,,352393.6076,185553.7069,관광식당업,,,0,,,,,0,0,0,0,,,0,0,,0,0,,0,0,,0,,,,,,,0,,,,0
388,관광식당,07_24_01_P,5670000,CDFI3261042024000001,2024-01-19,,1,영업/정상,13,영업중,,,,,055-223-9564,,,경상남도 창원시 마산회원구 회원동 68-2,"경상남도 창원시 마산회원구 3·15대로 490, 2층 (회원동)",51326,명륜진사갈비 마산회원점,2024-01-24 11:25,I,2024-01-26 0:16,,343355.6375,192127.9577,관광식당업,,,0,,,,,0,0,0,0,Myeong Ryun Jinsa Galbi Masanhoewon Branch,TOURIST RESTAUTANT(Korean Restautant),0,0,,0,0,,0,0,,0,,,,,,,0,,,,0
389,관광식당,07_24_01_P,3780000,CDFI3261042003000001,2003-02-04,,1,영업/정상,13,영업중,,,,,712-4364,,463-874,경기도 성남시 분당구 정자동 60번지,경기도 성남시 분당구 내정로107번길 2  (정자동),,(주)코코스정자점,2003-02-04 15:50,I,2018-08-31 23:59,,210072.3102,429767.3929,관광식당업,관광사업,,,,,,,,,,,,,,,,,,,,,,,,,,,,,,,,,
390,관광식당,07_24_01_P,3780000,CDFI3261042003000002,2003-02-04,,1,영업/정상,13,영업중,,,,,,,461-210,경기도 성남시 수정구 창곡동 195-5번지,,,태국정통요리,2003-02-04 15:49,I,2018-08-31 23:59,,,,관광식당업,관광사업,,,,,,,,,,,,,,,,,,,,,,,,,,,,,,,,,
391,관광식당,07_24_01_P,3780000,CDFI3261042003000003,2003-02-04,,1,영업/정상,13,영업중,,,,,707-7755,,463-824,경기도 성남시 분당구 서현동 263번지,,,아모제마르쉐분당점,2003-02-04 15:52,I,2018-08-31 23:59,,210853.8335,431447.8581,관광식당업,관광사업,,,,,,,,,,,,,,,,,,,,,,,,,,,,,,,,,
392,관광식당,07_24_01_P,3780000,CDFI3261042003000004,2003-02-04,,1,영업/정상,13,영업중,,,,,,,463-832,경기도 성남시 분당구 분당동 98-3번지,경기도 성남시 분당구 서현로 435  (분당동),,코코마리,2003-02-04 15:54,I,2018-08-31 23:59,,212779.0203,430249.1114,관광식당업,관광사업,,,,,,,,,,,,,,,,,,,,,,,,,,,,,,,,,
393,관광식당,07_24_01_P,3780000,CDFI3261042003000005,2003-02-04,,1,영업/정상,13,영업중,,,,,,,463-820,경기도 성남시 분당구 서현동 27-2번지,,,만다린,2003-02-04 15:56,I,2018-08-31 23:59,,212408.1684,431332.08,관광식당업,관광사업,,,,,,,,,,,,,,,,,,,,,,,,,,,,,,,,,
394,관광식당,07_24_01_P,3780000,CDFI3261042003000006,2003-02-04,,1,영업/정상,13,영업중,,,,,797-8192,,463-040,경기도 성남시 분당구 율동 111-5번지,경기도 성남시 분당구 문정로148번길 9  (율동),,탈리,2003-02-04 15:59,I,2018-08-31 23:59,,213343.7864,431286.6315,관광식당업,관광사업,,,,,,,,,,,,,,,,,,,,,,,,,,,,,,,,,
395,관광식당,07_24_01_P,3780000,CDFI3261042003000007,2003-02-04,,1,영업/정상,13,영업중,,,,,,,463-823,경기도 성남시 분당구 서현동 97-3번지,경기도 성남시 분당구 서현로321번길 10  (서현동),,티지아이프라이분당점,2003-02-04 16:01,I,2018-08-31 23:59,,211985.7102,430892.8474,관광식당업,관광사업,,,,,,,,,,,,,,,,,,,,,,,,,,,,,,,,,
396,관광식당,07_24_01_P,4020000,CDFI3261042010000003,2010-04-19,,1,영업/정상,13,영업중,,,,,031-427-9881,,,경기도 군포시 산본동 1026-30번지,"경기도 군포시 엘에스로 175 (산본동, 에스에이타워)",15808,이향원,2015-08-03 9:27,I,2018-08-31 23:59,,194903.5935,430365.2634,관광식당업,,,,,,,,,,,,,,,,,,,,,,,,,,,,,,,,,,
397,관광식당,07_24_01_P,4020000,CDFI3261042010000004,2010-11-02,,1,영업/정상,13,영업중,,,,,031-392-2203,,,"경기도 군포시 산본동 1136번지 한솔프라자 401,402호","경기도 군포시 산본로323번길 16-31 (산본동, 한솔프라자)",15865,긴자인도레스토랑,2015-08-03 9:27,I,2018-08-31 23:59,,193818.6445,428674.5094,관광식당업,,중심상업지역,,,,,,8,3,,,,,,,,,,,,,,,,,,,,,,,,,
398,관광식당,07_24_01_P,4020000,CDFI3261042018000001,2018-03-20,,1,영업/정상,13,영업중,,,,,031-392-3922,,,경기도 군포시 산본동 1125번지 현대코아텔,"경기도 군포시 산본로 341, 현대코아텔 207, 208호 (산본동)",15865,윤쉐프의 짬뽕데이 산본점,2018-03-30 17:02,I,2018-08-31 23:59,,193939.7461,428761.0118,관광식당업,,,,,,,,,,,,,,,,,,,,,,,,,,,,,,,,,,
399,관광식당,07_24_01_P,4020000,CDFI3261042010000002,2010-03-25,,1,영업/정상,13,영업중,,,,,031-391-3666,,,경기도 군포시 산본동 1131-1번지 미성빌딩 201호,"경기도 군포시 산본로323번길 4-21 (산본동, 미성빌딩)",15865,산동성,2015-08-03 9:23,I,2018-08-31 23:59,,193940.066,428691.6117,관광식당업,,중심상업지역,10,기타,,,근린생활시설,9,1,,,,,,,,,,,,140,,,,,,,,,,,,,140
400,관광식당,07_24_01_P,4020000,CDFI3261042009000001,2009-03-16,,1,영업/정상,13,영업중,,,,,031-399-6622,,,경기도 군포시 산본동 1129번지 2층,"경기도 군포시 산본로323번길 4-7 (산본동, 청우빌딩)",15865,북경,2015-08-03 9:21,I,2018-08-31 23:59,,193982.576,428627.8565,관광식당업,,중심상업지역,,기타,,,,,,,,,,,,,,,,,261.69,,,,,,,,,,,,,262
401,관광식당,07_24_01_P,4020000,CDFI3261042010000001,2010-02-12,,1,영업/정상,13,영업중,,,,,031-393-0806,,,경기도 군포시 산본동 1151-10번지 국제교육센터 203호,"경기도 군포시 수리산로 112 (산본동, 군포국제교육센터)",15823,아향,2015-08-03 9:22,I,2018-08-31 23:59,,192718.8086,428539.5473,관광식당업,,,,기타,,,,,,,,,,,,,,,,,372.9,,,,,,,,,,,,,373
402,관광식당,07_24_01_P,4020000,CDFI3261042018000002,2018-08-21,,1,영업/정상,13,영업중,,,,,031-392-1180,,,경기도 군포시 당동 974-3번지 재우빌딩,"경기도 군포시 용호1로 10, 재우빌딩 101, 102호 (당동)",15871,베이징스토리,2018-08-28 13:32,I,2018-08-31 23:59,,194475.3806,426840.0379,관광식당업,,,,,,,,,,,,,,,,,,,,,,,,,,,,,,,,,,
403,관광식당,07_24_01_P,5670000,CDFI3261042021000003,2021-09-14,,1,영업/정상,13,영업중,,,,,055-262-5556,,,경상남도 창원시 성산구 용호동 73-25 신우빌딩,"경상남도 창원시 성산구 용지로153번길 4-25, 신우빌딩 (용호동)",51436,김김밥밥본점,2021-09-17 12:02,I,2021-09-19 0:22,,352984.5259,193589.0606,관광식당업,,,0,,,,,0,0,0,0,GimGimBabBab,TOURIST RESTAURANT,0,0,,0,0,,0,116.59,,0,,,,,,,0,,,,117
404,관광식당,07_24_01_P,5350000,CDFI3261042022000005,2022-12-07,,1,영업/정상,13,영업중,,,,,055-331-8892,,,경상남도 김해시 어방동 1104-9,경상남도 김해시 인제로51번길 6 (어방동),50930,가야마루,2022-12-12 15:43,I,2022-12-14 0:40,,373291.4543,194339.8247,관광식당업,,,0,,,,,0,0,0,0,,,0,0,,0,0,,0,0,,0,,,,,,,0,,,,0
405,관광식당,07_24_01_P,5350000,CDFI3261042023000001,2023-01-11,,1,영업/정상,13,영업중,,,,,055-331-4884,,,경상남도 김해시 삼정동 315,경상남도 김해시 김해대로 2520 (삼정동),50935,제이더블유웨딩컨벤션(주),2023-01-12 10:05,I,2023-01-14 0:40,,373147.6314,193703.6636,관광식당업,,,0,,,,,0,0,0,0,,,0,0,,0,0,,0,0,,0,,,,,,,0,,,,0
406,관광식당,07_24_01_P,5590000,CDFI3261042021000001,2021-05-27,,1,영업/정상,13,영업중,,,,,031-826-4077,,,경기도 양주시 장흥면 울대리 390-2,"경기도 양주시 장흥면 호국로 550, 1층",11522,진흥관,2021-06-02 17:22,I,2021-06-04 0:22,,197735.617,468427.8587,관광식당업,,,,,,,,,,,,,,,,,,,,,,,,,,,,,,,,,,
407,관광식당,07_24_01_P,5350000,CDFI3261042022000003,2022-08-18,,1,영업/정상,13,영업중,,,,,,,,경상남도 김해시 불암동 192-1,경상남도 김해시 김해대로 2787-19 (불암동),50829,향옥정,2022-10-12 15:29,I,2022-10-14 0:22,,375504.1522,193193.1924,관광식당업,,,0,,,,,0,0,0,0,,,0,0,,0,0,,0,0,,0,,,,,,,0,,,,0
408,관광식당,07_24_01_P,5350000,CDFI3261042022000002,2022-10-04,,1,영업/정상,13,영업중,,,,,055-336-0331,,,경상남도 김해시 어방동 1062-10,경상남도 김해시 분성로 545 (어방동),50820,수손짜장,2022-10-07 11:16,I,2022-10-09 0:22,,373383.224,194618.0477,관광식당업,,,0,,,,,0,0,0,0,,,0,0,,0,0,,0,0,,0,,,,,,,0,,,,0
409,관광식당,07_24_01_P,5350000,CDFI3261042022000004,2022-10-25,,1,영업/정상,13,영업중,,,,,055-331-3389,,,경상남도 김해시 대청동 302-3,경상남도 김해시 삼문로 6 (대청동),51004,갑오삼계탕,2022-10-25 11:04,I,2022-10-27 0:22,,364013.3753,189549.2881,관광식당업,,,0,,,,,0,0,0,0,,,0,0,,0,0,,0,0,,0,,,,,,,0,,,,0
410,관광식당,07_24_01_P,4771000,CDFI3261042016000001,2016-11-15,,1,영업/정상,13,영업중,,,,,,,,전북특별자치도 순창군 순창읍 가남리 545-1,전북특별자치도 순창군 순창읍 순창로 137,56050,궁전가든,2020-09-29 16:07,I,2024-01-19 1:16,,212659.401,207598.05,관광식당업,,,0,,,,,0,0,0,0,,,0,0,,0,0,,0,0,,0,,,,,,,0,,,,0
411,관광식당,07_24_01_P,4771000,CDFI3261042020000001,2020-03-12,,1,영업/정상,13,영업중,,,,,,,,전북특별자치도 순창군 순창읍 순화리 299,전북특별자치도 순창군 순창읍 순창5길 28,56039,녹원,2020-09-25 11:23,I,2024-01-19 1:16,,212625.5162,208270.4075,관광식당업,,,0,,,,,0,0,0,0,,,0,0,,0,0,,0,0,,0,,,,,,,0,,,,0
412,관광식당,07_24_01_P,4761000,CDFI3261042008000002,2008-10-15,,1,영업/정상,13,영업중,,,,,636431000,,566-831,전북특별자치도 임실군 신덕면 지장리 산 7,전북특별자치도 임실군 신덕면 수지로 559-90,55901,전주샹그릴라컨트리클럽,2011-10-30 15:41,I,2024-01-19 1:16,,218211.1988,245156.6595,관광식당업,,,1,,,,,1,0,0,0,,,0,0,,0,0,,0,1009.6,,0,,,,,,,0,,,,1010
413,관광식당,07_24_01_P,4761000,CDFI3261042010000001,2010-04-15,,1,영업/정상,13,영업중,,,,,063-644-2929,,566-803,전북특별자치도 임실군 임실읍 두곡리 26-6,전북특별자치도 임실군 임실읍 춘향로 2933,55923,옛날짜장,2011-10-30 15:42,I,2024-01-19 1:16,,226104.2759,236975.7071,관광식당업,,,1,,,,,1,0,0,0,,,0,0,,0,0,,0,123.29,,0,,,,,,,0,,,,123
414,관광식당,07_24_01_P,5390000,CDFI3261042015000001,2015-10-06,,1,영업/정상,13,영업중,,,,,055-572-0885,,,경상남도 의령군 의령읍 서동리 491-30 의령소바본점,"경상남도 의령군 의령읍 의병로18길 3-5, 의령소바본점",52149,의령소바,2021-03-03 16:47,I,2021-03-05 0:23,,314575.055,202928.9636,관광식당업,,일반상업지역,3,,,,근린생활시설,3,0,,,,,,,,,,,,137.36,,,,,,,,,,,,,137
415,관광식당,07_24_01_P,5350000,CDFI3261042016000001,2016-07-29,,1,영업/정상,13,영업중,,,,,,,,경상남도 김해시 외동 1264,"경상남도 김해시 김해대로 2232, 이마트 1층 (외동)",50938,(주)초마김해점,2021-03-06 13:50,I,2021-03-09 0:23,,370364.7631,193812.2961,관광식당업,,,,,,,,,,,,,,,,,,,,,,,,,,,,,,,,,,
416,관광식당,07_24_01_P,3640000,CDFI3261041998000001,1998-11-30,,1,영업/정상,13,영업중,,,,,042-673-8800,,300-806,대전광역시 동구 가양동 451-2번지,대전광역시 동구 동서대로 1700 (가양동),34573,파라다이스 뷔페,2014-05-28 13:35,I,2018-08-31 23:59,,239263.8824,316572.9756,관광식당업,,,,,,,,,,,,,,,,,,,,,,,,,,,,,,,,,,
417,관광식당,07_24_01_P,3640000,CDFI3261042004000001,2004-10-14,,1,영업/정상,13,영업중,,,,,042-256-2407,,300-150,대전광역시 동구 정동 36-32번지,대전광역시 동구 중앙로203번길 78 (정동),34625,태화장,2014-05-28 13:25,I,2018-08-31 23:59,,238477.5672,314867.9328,관광식당업,,,,,,,,,,,,,,,,,,,,,,,,,,,,,,,,,,
418,관광식당,07_24_01_P,3640000,CDFI3261042011000001,2011-04-15,,1,영업/정상,13,영업중,,,,,042-626-9295,,300-835,대전광역시 동구 홍도동 97번지,대전광역시 동구 한남로 11 (홍도동),34554,차오차오,2014-05-28 13:31,I,2018-08-31 23:59,,238241.4987,316771.3341,관광식당업,,,,,,,,,,,,,,,,,,,,,,,,,,,,,,,,,,
419,관광식당,07_24_01_P,4020000,CDFI3261042018000003,2018-10-25,,1,영업/정상,13,영업중,,,,,031-462-1999,,,경기도 군포시 부곡동 1251-3번지,"경기도 군포시 군포첨단산업2로8번길 15, 1층 (부곡동)",15880,아향,2018-10-31 9:26,I,2018-11-02 2:36,,194752.3374,424807.9964,관광식당업,,,,,,,,,,,,,,,,,,,,,,,,,,,,,,,,,,
420,관광식당,07_24_01_P,5670000,CDFI3261042022000003,2022-07-07,,1,영업/정상,13,영업중,,,,,,,,경상남도 창원시 의창구 동정동 332,경상남도 창원시 의창구 동정길 57-33 (동정동),51190,(주)풍성한고을,2022-07-08 17:33,I,2022-07-12 0:22,,346970.4366,197475.117,관광식당업,,,0,,,,,0,0,0,0,Pung seong han goeul,TOURIST RESTAURNAT(Korean Restaurnat),0,0,,0,0,,0,263.57,,0,,,,,,,0,,,,264
421,관광식당,07_24_01_P,5350000,CDFI3261042022000001,2022-07-29,,1,영업/정상,13,영업중,,,,,055-336-6354,,,경상남도 김해시 불암동 229-34,경상남도 김해시 식만로348번길 31-1 (불암동),50937,경포장장어구이,2022-08-04 15:14,I,2022-08-07 0:22,,374916.1493,192651.9607,관광식당업,,,0,,,,,0,0,0,0,,,0,0,,0,0,,0,0,,0,,,,,,,0,,,,0
422,관광식당,07_24_01_P,5470000,CDFI3261042008000001,2008-11-04,,1,영업/정상,13,영업중,,,,,055-945-1940,,670-807,경상남도 거창군 거창읍 상림리 888-1번지,,,비룡,2012-02-19 17:55,I,2018-08-31 23:59,,,,관광식당업,,,,,,,,,,,,,,,,,,,,,,,,,,,,,,450000000,,,,
423,관광식당,07_24_01_P,5160000,CDFI3261042020000001,2020-11-24,,1,영업/정상,13,영업중,,,,,054-872-2050,,,경상북도 청송군 진보면 신촌리 38-4,경상북도 청송군 진보면 신촌약수길 18,37411,신촌식당,2020-11-24 17:26,I,2020-11-26 0:23,,,,관광식당업,,,,,,,,,,,,,,,,,,,,,,,,,,,,,,,,,,
424,관광식당,07_24_01_P,3160000,CDFI3261042020000001,2020-09-17,,1,영업/정상,13,영업중,,,,,02-838-5454,,,서울특별시 구로구 구로동 197-17 에이스테크노타워1차,"서울특별시 구로구 디지털로31길 38-9, 에이스테크노타워1차 1층 104호 (구로동)",8376,뽕사부 구로점(중국식),2021-01-07 10:14,I,2021-01-09 0:23,,190496.4478,442645.3306,관광식당업,,,,,,,,,,,,,,,,,,,,,,,,,,,,,,,,,,
425,관광식당,07_24_01_P,3160000,CDFI3261042020000002,2020-12-02,,1,영업/정상,13,영업중,,,,,02-858-8666,,,서울특별시 구로구 가리봉동 89-158,"서울특별시 구로구 디지털로27길 123, 2층 (가리봉동)",8385,혜혜패스트푸드(중국식),2021-01-07 10:42,I,2021-01-09 0:23,,189959.5806,442508.5568,관광식당업,,,,,,,,,,,,,,,,,,,,,,,,,,,,,,,,,,
426,관광식당,07_24_01_P,5670000,CDFI3261042022000002,2022-06-02,,1,영업/정상,13,영업중,,,,,055-600-0530,,,경상남도 창원시 성산구 대원동 122 더시티세븐풀만호텔 5층,"경상남도 창원시 성산구 원이대로 332, 더시티세븐풀만호텔 5층 (대원동)",51408,만다린그랜드머큐어,2022-06-08 15:22,I,2022-06-10 0:22,,350576.0561,194594.1548,관광식당업,,,0,,,,,0,0,0,0,MANDALIN GRANDMERCURE,TOURIST RESTAURANT(Chinese Restaurant),0,0,,0,0,,0,0,,0,,,,,,,0,,,,0
427,관광식당,07_24_01_P,5020000,CDFI3261042006000001,2006-08-28,,1,영업/정상,13,영업중,,,,,054-277-1753,,,경상북도 포항시 남구 이동 656-13,경상북도 포항시 남구 대이로143번길 22-20 (이동),37676,부천성,2023-10-31 13:05,I,2023-11-02 0:17,,410629.6174,283403.199,관광식당업,,,0,,,,,0,0,0,0,,,0,0,,0,0,,0,0,,0,,,,,,,0,,,,0
428,관광식당,07_24_01_P,5020000,CDFI3261042019000001,2019-10-14,,1,영업/정상,13,영업중,,,,,054-247-2999,,,경상북도 포항시 북구 두호동 1099,경상북도 포항시 북구 대곡로43번길 5 (두호동),37618,더차이나 포항점,2023-10-31 13:04,I,2023-11-02 0:17,,413708.4092,287745.3099,관광식당업,,,0,,,,,0,0,0,0,,,0,0,,0,0,,0,0,,0,,,,,,,0,,,,0
429,관광식당,07_24_01_P,5020000,CDFI3261042023000001,2023-08-16,,1,영업/정상,13,영업중,,,,,054-276-6633,,,경상북도 포항시 남구 상도동 609-10,경상북도 포항시 남구 중섬로 59 (상도동),37769,계림성,2023-12-28 13:50,U,2023-12-30 2:40,,411878.3693,281697.1352,관광식당업,,,0,,,,,0,0,0,0,,,0,0,,0,0,,0,0,,0,,,,,,,0,,,,0
,,,,,,,,,,,,,,,,,,,,,,,,,,,,,,,,,,,,,,,,,,,,,,,,,,,,,,,,,,,,,,
,,,,,,,,,,,,,,,,,,,,,,,,,,,,,,,,,,,,,,,,,,,,,,,,,,,,,,,,,,,,,,
,,,,,,,,,,,,,,,,,,,,,,,,,,,,,,,,,,,,,,,,,,,,,,,,,,,,,,,,,,,,,,
,,,,,,,,,,,,,,,,,,,,,,,,,,,,,,,,,,,,,,,,,,,,,,,,,,,,,,,,,,,,,,
,,,,,,,,,,,,,,,,,,,,,,,,,,,,,,,,,,,,,,,,,,,,,,,,,,,,,,,,,,,,,,
,,,,,,,,,,,,,,,,,,,,,,,,,,,,,,,,,,,,,,,,,,,,,,,,,,,,,,,,,,,,,,
,,,,,,,,,,,,,,,,,,,,,,,,,,,,,,,,,,,,,,,,,,,,,,,,,,,,,,,,,,,,,,
,,,,,,,,,,,,,,,,,,,,,,,,,,,,,,,,,,,,,,,,,,,,,,,,,,,,,,,,,,,,,,
,,,,,,,,,,,,,,,,,,,,,,,,,,,,,,,,,,,,,,,,,,,,,,,,,,,,,,,,,,,,,,
,,,,,,,,,,,,,,,,,,,,,,,,,,,,,,,,,,,,,,,,,,,,,,,,,,,,,,,,,,,,,,
,,,,,,,,,,,,,,,,,,,,,,,,,,,,,,,,,,,,,,,,,,,,,,,,,,,,,,,,,,,,,,
,,,,,,,,,,,,,,,,,,,,,,,,,,,,,,,,,,,,,,,,,,,,,,,,,,,,,,,,,,,,,,
,,,,,,,,,,,,,,,,,,,,,,,,,,,,,,,,,,,,,,,,,,,,,,,,,,,,,,,,,,,,,,
,,,,,,,,,,,,,,,,,,,,,,,,,,,,,,,,,,,,,,,,,,,,,,,,,,,,,,,,,,,,,,
,,,,,,,,,,,,,,,,,,,,,,,,,,,,,,,,,,,,,,,,,,,,,,,,,,,,,,,,,,,,,,
,,,,,,,,,,,,,,,,,,,,,,,,,,,,,,,,,,,,,,,,,,,,,,,,,,,,,,,,,,,,,,
,,,,,,,,,,,,,,,,,,,,,,,,,,,,,,,,,,,,,,,,,,,,,,,,,,,,,,,,,,,,,,
,,,,,,,,,,,,,,,,,,,,,,,,,,,,,,,,,,,,,,,,,,,,,,,,,,,,,,,,,,,,,,
,,,,,,,,,,,,,,,,,,,,,,,,,,,,,,,,,,,,,,,,,,,,,,,,,,,,,,,,,,,,,,
,,,,,,,,,,,,,,,,,,,,,,,,,,,,,,,,,,,,,,,,,,,,,,,,,,,,,,,,,,,,,,
,,,,,,,,,,,,,,,,,,,,,,,,,,,,,,,,,,,,,,,,,,,,,,,,,,,,,,,,,,,,,,
,,,,,,,,,,,,,,,,,,,,,,,,,,,,,,,,,,,,,,,,,,,,,,,,,,,,,,,,,,,,,,
,,,,,,,,,,,,,,,,,,,,,,,,,,,,,,,,,,,,,,,,,,,,,,,,,,,,,,,,,,,,,,
,,,,,,,,,,,,,,,,,,,,,,,,,,,,,,,,,,,,,,,,,,,,,,,,,,,,,,,,,,,,,,
,,,,,,,,,,,,,,,,,,,,,,,,,,,,,,,,,,,,,,,,,,,,,,,,,,,,,,,,,,,,,,
,,,,,,,,,,,,,,,,,,,,,,,,,,,,,,,,,,,,,,,,,,,,,,,,,,,,,,,,,,,,,,
,,,,,,,,,,,,,,,,,,,,,,,,,,,,,,,,,,,,,,,,,,,,,,,,,,,,,,,,,,,,,,
,,,,,,,,,,,,,,,,,,,,,,,,,,,,,,,,,,,,,,,,,,,,,,,,,,,,,,,,,,,,,,
,,,,,,,,,,,,,,,,,,,,,,,,,,,,,,,,,,,,,,,,,,,,,,,,,,,,,,,,,,,,,,
,,,,,,,,,,,,,,,,,,,,,,,,,,,,,,,,,,,,,,,,,,,,,,,,,,,,,,,,,,,,,,
,,,,,,,,,,,,,,,,,,,,,,,,,,,,,,,,,,,,,,,,,,,,,,,,,,,,,,,,,,,,,,
,,,,,,,,,,,,,,,,,,,,,,,,,,,,,,,,,,,,,,,,,,,,,,,,,,,,,,,,,,,,,,
,,,,,,,,,,,,,,,,,,,,,,,,,,,,,,,,,,,,,,,,,,,,,,,,,,,,,,,,,,,,,,
,,,,,,,,,,,,,,,,,,,,,,,,,,,,,,,,,,,,,,,,,,,,,,,,,,,,,,,,,,,,,,
,,,,,,,,,,,,,,,,,,,,,,,,,,,,,,,,,,,,,,,,,,,,,,,,,,,,,,,,,,,,,,
,,,,,,,,,,,,,,,,,,,,,,,,,,,,,,,,,,,,,,,,,,,,,,,,,,,,,,,,,,,,,,
,,,,,,,,,,,,,,,,,,,,,,,,,,,,,,,,,,,,,,,,,,,,,,,,,,,,,,,,,,,,,,
,,,,,,,,,,,,,,,,,,,,,,,,,,,,,,,,,,,,,,,,,,,,,,,,,,,,,,,,,,,,,,
,,,,,,,,,,,,,,,,,,,,,,,,,,,,,,,,,,,,,,,,,,,,,,,,,,,,,,,,,,,,,,
,,,,,,,,,,,,,,,,,,,,,,,,,,,,,,,,,,,,,,,,,,,,,,,,,,,,,,,,,,,,,,
,,,,,,,,,,,,,,,,,,,,,,,,,,,,,,,,,,,,,,,,,,,,,,,,,,,,,,,,,,,,,,
,,,,,,,,,,,,,,,,,,,,,,,,,,,,,,,,,,,,,,,,,,,,,,,,,,,,,,,,,,,,,,
,,,,,,,,,,,,,,,,,,,,,,,,,,,,,,,,,,,,,,,,,,,,,,,,,,,,,,,,,,,,,,
,,,,,,,,,,,,,,,,,,,,,,,,,,,,,,,,,,,,,,,,,,,,,,,,,,,,,,,,,,,,,,
,,,,,,,,,,,,,,,,,,,,,,,,,,,,,,,,,,,,,,,,,,,,,,,,,,,,,,,,,,,,,,
